Activiti/Activiti,b11f757,./activiti-spring-boot-starter,org.activiti.spring.boot.tasks.TaskRuntimeClaimReleaseTest.aCreateStandaloneTaskForGroup,True,0,True,90
Activiti/Activiti,b11f757,./activiti-spring-boot-starter,org.activiti.spring.boot.tasks.TaskRuntimeClaimReleaseTest.bClaimAndRelease,True,0,True,101
Activiti/Activiti,b11f757,./activiti-spring-boot-starter,org.activiti.spring.boot.tasks.TaskRuntimeClaimReleaseTest.eCreateStandaloneTaskAndClaimAndReleaseUnAuthorized,True,0,True,98
Activiti/Activiti,b11f757,./activiti-spring-boot-starter,org.activiti.spring.boot.tasks.TaskRuntimeCompleteTaskTest.aCreateStandaloneTaskAndComplete,True,124,True,0
Activiti/Activiti,b11f757,./activiti-spring-boot-starter,org.activiti.spring.boot.tasks.TaskRuntimeCompleteTaskTest.bCreateStandaloneTask,True,124,True,0
Activiti/Activiti,b11f757,./activiti-spring-boot-starter,org.activiti.spring.boot.tasks.TaskRuntimeCompleteTaskTest.ctryCompletingWithUnauthorizedUser,True,155,True,0
Activiti/Activiti,b11f757,./activiti-spring-boot-starter,org.activiti.spring.boot.tasks.TaskRuntimeDeleteTaskTest.aCreateStandaloneTaskAndDelete,True,114,True,0
Activiti/Activiti,b11f757,./activiti-spring-boot-starter,org.activiti.spring.boot.tasks.TaskRuntimeDeleteTaskTest.cCreateStandaloneGroupTaskClaimAndDeleteFail,True,0,True,124
Activiti/Activiti,b11f757,./activiti-spring-boot-starter,org.activiti.spring.boot.tasks.TaskRuntimeDeleteTaskTest.dClaimTaskCreatedForGroup,True,0,True,111
Activiti/Activiti,b11f757,./activiti-spring-boot-starter,org.activiti.spring.boot.tasks.TaskRuntimeStandaloneTaskTest.aCreateStandaloneTaskForSalaboy,True,0,True,411
Activiti/Activiti,b11f757,./activiti-spring-boot-starter,org.activiti.spring.boot.tasks.TaskRuntimeStandaloneTaskTest.bCreateStandaloneTaskForGroup,True,0,True,273
Activiti/Activiti,b11f757,./activiti-spring-boot-starter,org.activiti.spring.boot.tasks.TaskRuntimeTaskAssigneeTest.aCreateStandaloneTaskForAnotherAssignee,True,0,True,20
Activiti/Activiti,b11f757,./activiti-spring-boot-starter,org.activiti.spring.boot.tasks.TaskRuntimeTaskAssigneeTest.bCreateCheckTaskCreatedForSalaboyFromAnotherUser,True,0,True,19
Activiti/Activiti,b11f757,./activiti-spring-boot-starter,org.activiti.spring.boot.tasks.TaskRuntimeTaskAssigneeTest.cCreateStandaloneTaskForGroupAndClaim,True,7,True,0
Activiti/Activiti,b11f757,./activiti-spring-boot-starter,org.activiti.spring.boot.tasks.TaskRuntimeTaskForOtherTest.aCreateStandaloneTaskWithNoCandidates,True,0,True,363
Activiti/Activiti,b11f757,./activiti-spring-boot-starter,org.activiti.spring.boot.tasks.TaskRuntimeUnAuthorizedTest.bClaimNotFoundBecauseYouAreNotACandidate,True,0,True,169
apache/dubbo,737f7a7,./dubbo-cluster,org.apache.dubbo.rpc.cluster.StickyTest.testStickyNoCheck,True,0,True,1
apache/dubbo,737f7a7,./dubbo-cluster,org.apache.dubbo.rpc.cluster.support.AbstractClusterInvokerTest.testBindingAttachment,True,0,True,1411
apache/dubbo,737f7a7,./dubbo-cluster,org.apache.dubbo.rpc.cluster.support.ForkingClusterInvokerTest.testClearRpcContext,True,0,True,880
apache/dubbo,737f7a7,./dubbo-common,org.apache.dubbo.common.threadlocal.InternalThreadLocalTest.testSize,True,0,True,3781
apache/dubbo,737f7a7,./dubbo-config/dubbo-config-api,org.apache.dubbo.config.AbstractInterfaceConfigTest.checkApplication2,True,0,True,44
apache/dubbo,737f7a7,./dubbo-config/dubbo-config-api,org.apache.dubbo.config.AbstractInterfaceConfigTest.checkInterfaceAndMethod3,True,0,True,286
apache/dubbo,737f7a7,./dubbo-config/dubbo-config-api,org.apache.dubbo.config.AbstractInterfaceConfigTest.checkInterfaceAndMethod4,True,0,True,308
apache/dubbo,737f7a7,./dubbo-config/dubbo-config-api,org.apache.dubbo.config.AbstractInterfaceConfigTest.checkInterfaceAndMethod5,True,0,True,330
apache/dubbo,737f7a7,./dubbo-config/dubbo-config-api,org.apache.dubbo.config.AbstractInterfaceConfigTest.checkInterfaceAndMethods1,True,0,True,352
apache/dubbo,737f7a7,./dubbo-config/dubbo-config-api,org.apache.dubbo.config.AbstractInterfaceConfigTest.checkInterfaceAndMethods2,True,0,True,374
apache/dubbo,737f7a7,./dubbo-config/dubbo-config-api,org.apache.dubbo.config.AbstractInterfaceConfigTest.checkStubAndMock1,True,0,True,616
apache/dubbo,737f7a7,./dubbo-config/dubbo-config-api,org.apache.dubbo.config.AbstractInterfaceConfigTest.checkStubAndMock2,True,0,True,638
apache/dubbo,737f7a7,./dubbo-config/dubbo-config-api,org.apache.dubbo.config.AbstractInterfaceConfigTest.checkStubAndMock3,True,0,True,660
apache/dubbo,737f7a7,./dubbo-config/dubbo-config-api,org.apache.dubbo.config.AbstractInterfaceConfigTest.checkStubAndMock4,True,0,True,682
apache/dubbo,737f7a7,./dubbo-config/dubbo-config-api,org.apache.dubbo.config.AbstractInterfaceConfigTest.checkStubAndMock5,True,0,True,704
apache/dubbo,737f7a7,./dubbo-config/dubbo-config-api,org.apache.dubbo.config.AbstractInterfaceConfigTest.checkStubAndMock6,True,0,True,726
apache/dubbo,737f7a7,./dubbo-config/dubbo-config-api,org.apache.dubbo.config.AbstractInterfaceConfigTest.checkStubAndMock7,True,0,True,748
apache/dubbo,737f7a7,./dubbo-config/dubbo-config-api,org.apache.dubbo.config.AbstractInterfaceConfigTest.checkStubAndMock8,True,0,True,770
apache/dubbo,737f7a7,./dubbo-config/dubbo-config-api,org.apache.dubbo.config.AbstractInterfaceConfigTest.checkStubAndMock9,True,0,True,792
apache/dubbo,737f7a7,./dubbo-config/dubbo-config-api,org.apache.dubbo.config.AbstractInterfaceConfigTest.testApplication,True,0,True,484
apache/dubbo,737f7a7,./dubbo-config/dubbo-config-api,org.apache.dubbo.config.AbstractInterfaceConfigTest.testCallbacks,True,0,True,220
apache/dubbo,737f7a7,./dubbo-config/dubbo-config-api,org.apache.dubbo.config.AbstractInterfaceConfigTest.testCheckRegistry1,True,0,True,418
apache/dubbo,737f7a7,./dubbo-config/dubbo-config-api,org.apache.dubbo.config.AbstractInterfaceConfigTest.testCheckRegistry2,True,0,True,440
apache/dubbo,737f7a7,./dubbo-config/dubbo-config-api,org.apache.dubbo.config.AbstractInterfaceConfigTest.testCluster,True,0,True,396
apache/dubbo,737f7a7,./dubbo-config/dubbo-config-api,org.apache.dubbo.config.AbstractInterfaceConfigTest.testConnections,True,0,True,506
apache/dubbo,737f7a7,./dubbo-config/dubbo-config-api,org.apache.dubbo.config.AbstractInterfaceConfigTest.testFilter,True,0,True,550
apache/dubbo,737f7a7,./dubbo-config/dubbo-config-api,org.apache.dubbo.config.AbstractInterfaceConfigTest.testLayer,True,0,True,88
apache/dubbo,737f7a7,./dubbo-config/dubbo-config-api,org.apache.dubbo.config.AbstractInterfaceConfigTest.testListener,True,0,True,814
apache/dubbo,737f7a7,./dubbo-config/dubbo-config-api,org.apache.dubbo.config.AbstractInterfaceConfigTest.testLoadMonitor,True,0,True,264
apache/dubbo,737f7a7,./dubbo-config/dubbo-config-api,org.apache.dubbo.config.AbstractInterfaceConfigTest.testLoadRegistries,True,22,True,0
apache/dubbo,737f7a7,./dubbo-config/dubbo-config-api,org.apache.dubbo.config.AbstractInterfaceConfigTest.testLocal,True,0,True,110
apache/dubbo,737f7a7,./dubbo-config/dubbo-config-api,org.apache.dubbo.config.AbstractInterfaceConfigTest.testModule,True,0,True,572
apache/dubbo,737f7a7,./dubbo-config/dubbo-config-api,org.apache.dubbo.config.AbstractInterfaceConfigTest.testMonitor,True,0,True,462
apache/dubbo,737f7a7,./dubbo-config/dubbo-config-api,org.apache.dubbo.config.AbstractInterfaceConfigTest.testOnconnect,True,0,True,528
apache/dubbo,737f7a7,./dubbo-config/dubbo-config-api,org.apache.dubbo.config.AbstractInterfaceConfigTest.testOndisconnect,True,0,True,66
apache/dubbo,737f7a7,./dubbo-config/dubbo-config-api,org.apache.dubbo.config.AbstractInterfaceConfigTest.testOwner,True,0,True,132
apache/dubbo,737f7a7,./dubbo-config/dubbo-config-api,org.apache.dubbo.config.AbstractInterfaceConfigTest.testProxy,True,0,True,154
apache/dubbo,737f7a7,./dubbo-config/dubbo-config-api,org.apache.dubbo.config.AbstractInterfaceConfigTest.testRegistries,True,0,True,594
apache/dubbo,737f7a7,./dubbo-config/dubbo-config-api,org.apache.dubbo.config.AbstractInterfaceConfigTest.testRegistry,True,0,True,242
apache/dubbo,737f7a7,./dubbo-config/dubbo-config-api,org.apache.dubbo.config.AbstractInterfaceConfigTest.testScope,True,0,True,176
apache/dubbo,737f7a7,./dubbo-config/dubbo-config-api,org.apache.dubbo.config.AbstractInterfaceConfigTest.testStub,True,0,True,198
apache/dubbo,737f7a7,./dubbo-filter/dubbo-filter-cache,org.apache.dubbo.cache.support.jcache.JCacheFactoryTest.testJCacheGetExpired,True,0,True,7
apache/dubbo,737f7a7,./dubbo-rpc/dubbo-rpc-api,org.apache.dubbo.rpc.proxy.javassist.JavassistProxyFactoryTest.testGetInvoker,True,1,True,0
apache/dubbo,737f7a7,./dubbo-rpc/dubbo-rpc-api,org.apache.dubbo.rpc.proxy.jdk.JdkProxyFactoryTest.testGetInvoker,True,1,True,0
apache/dubbo,737f7a7,./dubbo-rpc/dubbo-rpc-dubbo,org.apache.dubbo.rpc.protocol.dubbo.DubboProtocolTest.testDubboProtocolWithMina,True,0,True,52
apache/dubbo,737f7a7,./dubbo-rpc/dubbo-rpc-dubbo,org.apache.dubbo.rpc.protocol.dubbo.telnet.ChangeTelnetHandlerTest.testChangeServiceNotExport,True,0,True,590
apache/dubbo,737f7a7,./dubbo-serialization/dubbo-serialization-fst,org.apache.dubbo.common.serialize.fst.FstObjectInputTest.testEmptyByteArrayForEmptyInput,True,0,True,8
apache/hadoop,cc2babc,./hadoop-common-project/hadoop-auth,org.apache.hadoop.security.authentication.util.TestKerberosName.testRules,True,3315,True,0
apache/hadoop,cc2babc,./hadoop-hdfs-project/hadoop-hdfs-nfs,org.apache.hadoop.hdfs.nfs.nfs3.TestRpcProgramNfs3.testAccess,True,1665,True,0
apache/hadoop,cc2babc,./hadoop-hdfs-project/hadoop-hdfs-nfs,org.apache.hadoop.hdfs.nfs.nfs3.TestRpcProgramNfs3.testCommit,True,1665,True,0
apache/hadoop,cc2babc,./hadoop-hdfs-project/hadoop-hdfs-nfs,org.apache.hadoop.hdfs.nfs.nfs3.TestRpcProgramNfs3.testCreate,True,1665,True,0
apache/hadoop,cc2babc,./hadoop-hdfs-project/hadoop-hdfs-nfs,org.apache.hadoop.hdfs.nfs.nfs3.TestRpcProgramNfs3.testFsinfo,True,1665,True,0
apache/hadoop,cc2babc,./hadoop-hdfs-project/hadoop-hdfs-nfs,org.apache.hadoop.hdfs.nfs.nfs3.TestRpcProgramNfs3.testFsstat,True,1665,True,0
apache/hadoop,cc2babc,./hadoop-hdfs-project/hadoop-hdfs-nfs,org.apache.hadoop.hdfs.nfs.nfs3.TestRpcProgramNfs3.testGetattr,True,1665,True,0
apache/hadoop,cc2babc,./hadoop-hdfs-project/hadoop-hdfs-nfs,org.apache.hadoop.hdfs.nfs.nfs3.TestRpcProgramNfs3.testLookup,True,1665,True,0
apache/hadoop,cc2babc,./hadoop-hdfs-project/hadoop-hdfs-nfs,org.apache.hadoop.hdfs.nfs.nfs3.TestRpcProgramNfs3.testMkdir,True,1665,True,0
apache/hadoop,cc2babc,./hadoop-hdfs-project/hadoop-hdfs-nfs,org.apache.hadoop.hdfs.nfs.nfs3.TestRpcProgramNfs3.testPathconf,True,1665,True,0
apache/hadoop,cc2babc,./hadoop-hdfs-project/hadoop-hdfs-nfs,org.apache.hadoop.hdfs.nfs.nfs3.TestRpcProgramNfs3.testReaddir,True,1665,True,0
apache/hadoop,cc2babc,./hadoop-hdfs-project/hadoop-hdfs-nfs,org.apache.hadoop.hdfs.nfs.nfs3.TestRpcProgramNfs3.testReaddirplus,True,1665,True,0
apache/hadoop,cc2babc,./hadoop-hdfs-project/hadoop-hdfs-nfs,org.apache.hadoop.hdfs.nfs.nfs3.TestRpcProgramNfs3.testReadlink,True,1665,True,0
apache/hadoop,cc2babc,./hadoop-hdfs-project/hadoop-hdfs-nfs,org.apache.hadoop.hdfs.nfs.nfs3.TestRpcProgramNfs3.testRead,True,1665,True,0
apache/hadoop,cc2babc,./hadoop-hdfs-project/hadoop-hdfs-nfs,org.apache.hadoop.hdfs.nfs.nfs3.TestRpcProgramNfs3.testRemove,True,1665,True,0
apache/hadoop,cc2babc,./hadoop-hdfs-project/hadoop-hdfs-nfs,org.apache.hadoop.hdfs.nfs.nfs3.TestRpcProgramNfs3.testRename,True,1665,True,0
apache/hadoop,cc2babc,./hadoop-hdfs-project/hadoop-hdfs-nfs,org.apache.hadoop.hdfs.nfs.nfs3.TestRpcProgramNfs3.testRmdir,True,1665,True,0
apache/hadoop,cc2babc,./hadoop-hdfs-project/hadoop-hdfs-nfs,org.apache.hadoop.hdfs.nfs.nfs3.TestRpcProgramNfs3.testSetattr,True,1665,True,0
apache/hadoop,cc2babc,./hadoop-hdfs-project/hadoop-hdfs-nfs,org.apache.hadoop.hdfs.nfs.nfs3.TestRpcProgramNfs3.testSymlink,True,1665,True,0
apache/hadoop,cc2babc,./hadoop-hdfs-project/hadoop-hdfs-nfs,org.apache.hadoop.hdfs.nfs.nfs3.TestRpcProgramNfs3.testWrite,True,1665,True,0
apache/hadoop,cc2babc,./hadoop-hdfs-project/hadoop-hdfs-nfs,org.apache.hadoop.hdfs.nfs.nfs3.TestViewfsWithNfs3.testNfsAccessNN1,True,0,True,281
apache/hadoop,cc2babc,./hadoop-hdfs-project/hadoop-hdfs-nfs,org.apache.hadoop.hdfs.nfs.nfs3.TestViewfsWithNfs3.testNfsAccessNN2,True,0,True,281
apache/hadoop,cc2babc,./hadoop-hdfs-project/hadoop-hdfs-nfs,org.apache.hadoop.hdfs.nfs.nfs3.TestViewfsWithNfs3.testNfsRenameSingleNN,True,1946,True,0
apache/hadoop,cc2babc,./hadoop-hdfs-project/hadoop-hdfs-nfs,org.apache.hadoop.hdfs.nfs.nfs3.TestViewfsWithNfs3.testNfsWriteNN1,True,1946,True,0
apache/hadoop,cc2babc,./hadoop-hdfs-project/hadoop-hdfs-nfs,org.apache.hadoop.hdfs.nfs.nfs3.TestViewfsWithNfs3.testNfsWriteNN2,True,1946,True,0
apache/hadoop,cc2babc,./hadoop-hdfs-project/hadoop-hdfs-nfs,org.apache.hadoop.hdfs.nfs.nfs3.TestViewfsWithNfs3.testWrongNfsAccess,True,0,True,281
apache/hadoop,cc2babc,./hadoop-hdfs-project/hadoop-hdfs-nfs,org.apache.hadoop.hdfs.nfs.nfs3.TestWrites.testOOOWrites,True,0,True,281
apache/hadoop,cc2babc,./hadoop-hdfs-project/hadoop-hdfs-nfs,org.apache.hadoop.hdfs.nfs.nfs3.TestWrites.testOverlappingWrites,True,0,True,281
apache/hadoop,cc2babc,./hadoop-hdfs-project/hadoop-hdfs-nfs,org.apache.hadoop.hdfs.nfs.nfs3.TestWrites.testWriteStableHow,True,0,True,281
apache/hadoop,cc2babc,./hadoop-mapreduce-project/hadoop-mapreduce-client/hadoop-mapreduce-client-app,org.apache.hadoop.mapreduce.v2.app.TestMRAppMaster.testMRAppMasterFailLock,True,0,True,245
apache/hadoop,cc2babc,./hadoop-mapreduce-project/hadoop-mapreduce-client/hadoop-mapreduce-client-app,org.apache.hadoop.mapreduce.v2.app.TestMRAppMaster.testMRAppMasterMidLock,True,0,True,245
apache/hadoop,cc2babc,./hadoop-mapreduce-project/hadoop-mapreduce-client/hadoop-mapreduce-client-app,org.apache.hadoop.mapreduce.v2.app.TestMRAppMaster.testMRAppMasterShutDownJob,True,0,True,2688
apache/hadoop,cc2babc,./hadoop-mapreduce-project/hadoop-mapreduce-client/hadoop-mapreduce-client-app,org.apache.hadoop.mapreduce.v2.app.TestMRAppMaster.testMRAppMasterSuccessLock,True,0,True,245
apache/hadoop,cc2babc,./hadoop-mapreduce-project/hadoop-mapreduce-client/hadoop-mapreduce-client-core,org.apache.hadoop.mapred.TestTaskProgressReporter.testTaskProgress,True,0,True,1083
apache/hadoop,cc2babc,./hadoop-mapreduce-project/hadoop-mapreduce-client/hadoop-mapreduce-client-core,org.apache.hadoop.mapreduce.lib.input.TestLineRecordReader.testUncompressedInputContainingCRLF,True,18862,True,0
apache/hadoop,cc2babc,./hadoop-mapreduce-project/hadoop-mapreduce-client/hadoop-mapreduce-client-core,org.apache.hadoop.mapreduce.lib.input.TestLineRecordReader.testUncompressedInputCustomDelimiterPosValue,True,18862,True,0
apache/hadoop,cc2babc,./hadoop-mapreduce-project/hadoop-mapreduce-client/hadoop-mapreduce-client-core,org.apache.hadoop.mapreduce.lib.input.TestLineRecordReader.testUncompressedInputDefaultDelimiterPosValue,True,18862,True,0
apache/hadoop,cc2babc,./hadoop-mapreduce-project/hadoop-mapreduce-client/hadoop-mapreduce-client-core,org.apache.hadoop.mapreduce.lib.input.TestLineRecordReader.testUncompressedInput,True,18862,True,0
apache/hadoop,cc2babc,./hadoop-mapreduce-project/hadoop-mapreduce-client/hadoop-mapreduce-client-hs,org.apache.hadoop.mapreduce.v2.hs.TestJobHistoryParsing.testHistoryParsingForFailedAttempts,True,13473,True,0
apache/hadoop,cc2babc,./hadoop-mapreduce-project/hadoop-mapreduce-client/hadoop-mapreduce-client-hs,org.apache.hadoop.mapreduce.v2.hs.TestJobHistoryParsing.testHistoryParsing,True,13473,True,0
Apache/Struts,13d9053,./plugins/portlet,org.apache.struts2.portlet.dispatcher.Jsr168DispatcherTest.testProcessAction_ok,True,0,True,243
Apache/Struts,13d9053,./plugins/portlet,org.apache.struts2.portlet.dispatcher.Jsr168DispatcherTest.testRender_ok,True,0,True,244
Apache/Struts,13d9053,./plugins/portlet,org.apache.struts2.portlet.dispatcher.Jsr286DispatcherTest.testProcessAction_ok,True,261,True,0
Apache/Struts,13d9053,./plugins/portlet,org.apache.struts2.portlet.dispatcher.Jsr286DispatcherTest.testRender_ok,True,261,True,0
c2mon/c2mon,d80687b,./c2mon-server/c2mon-server-elasticsearch,cern.c2mon.server.elasticsearch.tag.config.TagConfigDocumentIndexerTests.reindexTagConfigDocuments,True,0,True,21
ctco/cukes,b483e1a,./cukes-http,lv.ctco.cukes.http.facade.HttpAssertionFacadeImplTest.shouldReturnBodyWhenEnabledAndNoMax,True,0,True,1
doanduyhai/Achilles,e3099bd,./integration-test-2_1,info.archinnov.achilles.it.TestCRUDSimpleEntity.should_insert_with_insert_strategy_non_null_fields,True,16599,True,0
doanduyhai/Achilles,e3099bd,./integration-test-2_1,info.archinnov.achilles.it.TestEntityWithComplexIndices.should_query_using_collection_index,True,614,True,0
doanduyhai/Achilles,e3099bd,./integration-test-2_1,info.archinnov.achilles.it.TestEntityWithComplexIndices.should_query_using_full_collection_index,True,0,True,611
doanduyhai/Achilles,e3099bd,./integration-test-2_1,info.archinnov.achilles.it.TestEntityWithComplexIndices.should_query_using_index_and_clustering_column,True,620,True,0
doanduyhai/Achilles,e3099bd,./integration-test-2_1,info.archinnov.achilles.it.TestEntityWithComplexIndices.should_query_using_index_and_clustering_column_slice,True,618,True,0
doanduyhai/Achilles,e3099bd,./integration-test-2_1,info.archinnov.achilles.it.TestEntityWithComplexIndices.should_query_using_index_and_multi_clustering_columns_slice,True,611,True,0
doanduyhai/Achilles,e3099bd,./integration-test-2_1,info.archinnov.achilles.it.TestEntityWithComplexIndices.should_query_using_map_key_index,True,613,True,0
doanduyhai/Achilles,e3099bd,./integration-test-2_1,info.archinnov.achilles.it.TestEntityWithComplexIndices.should_query_using_map_key_value,True,617,True,0
doanduyhai/Achilles,e3099bd,./integration-test-2_1,info.archinnov.achilles.it.TestEntityWithComplexIndices.should_query_using_simple_index,True,619,True,0
doanduyhai/Achilles,e3099bd,./integration-test-2_2,info.archinnov.achilles.it.TestEntityWithIndicesForJSON.should_query_using_collection_index_fromJSON,True,70,True,0
doanduyhai/Achilles,e3099bd,./integration-test-2_2,info.archinnov.achilles.it.TestEntityWithIndicesForJSON.should_query_using_full_collection_index_fromJSON,True,42,True,0
doanduyhai/Achilles,e3099bd,./integration-test-2_2,info.archinnov.achilles.it.TestEntityWithIndicesForJSON.should_query_using_index_and_clustering_column_fromJSON,True,35,True,0
doanduyhai/Achilles,e3099bd,./integration-test-2_2,info.archinnov.achilles.it.TestEntityWithIndicesForJSON.should_query_using_map_key_entry_fromJSON,True,28,True,0
doanduyhai/Achilles,e3099bd,./integration-test-2_2,info.archinnov.achilles.it.TestEntityWithIndicesForJSON.should_query_using_map_key_index_fromJSON,True,63,True,0
doanduyhai/Achilles,e3099bd,./integration-test-2_2,info.archinnov.achilles.it.TestEntityWithIndicesForJSON.should_query_using_map_key_value_fromJSON,True,49,True,0
doanduyhai/Achilles,e3099bd,./integration-test-2_2,info.archinnov.achilles.it.TestEntityWithIndicesForJSON.should_query_using_simple_index_fromJSON,True,56,True,0
doanduyhai/Achilles,e3099bd,./integration-test-3_10,info.archinnov.achilles.it.TestEntityForGroupByIT.should_select_sum_group_by_partition_keys_and_one_clustering,True,1,True,0
doanduyhai/Achilles,e3099bd,./integration-test-3_10,info.archinnov.achilles.it.TestEntityForGroupByIT.should_select_sum_group_by_partition_keys,True,4,True,0
doanduyhai/Achilles,e3099bd,./integration-test-3_7,info.archinnov.achilles.it.TestEntityWithSASIIndices.should_search_using_contains,True,5,True,0
doanduyhai/Achilles,e3099bd,./integration-test-3_7,info.archinnov.achilles.it.TestEntityWithSASIIndices.should_search_using_end_with,True,2,True,0
doanduyhai/Achilles,e3099bd,./integration-test-3_7,info.archinnov.achilles.it.TestEntityWithSASIIndices.should_search_using_eq_non_tokenizer,True,0,True,1
doanduyhai/Achilles,e3099bd,./integration-test-3_7,info.archinnov.achilles.it.TestEntityWithSASIIndices.should_search_using_like,True,3,True,0
doanduyhai/Achilles,e3099bd,./integration-test-3_7,info.archinnov.achilles.it.TestEntityWithSASIIndices.should_search_using_like_non_tokenizer,True,1,True,0
doanduyhai/Achilles,e3099bd,./integration-test-3_7,info.archinnov.achilles.it.TestEntityWithSASIIndices.should_search_using_prefix_non_tokenizer,True,4,True,0
dropwizard/dropwizard,07dfaed,./dropwizard-logging,io.dropwizard.logging.DefaultLoggingFactoryPrintErrorMessagesTest.testLogbackStatusPrinterPrintStreamIsRestoredToSystemOut,True,0,True,76
elasticjob/elastic-job-lite,b022898,./elastic-job-lite-core,io.elasticjob.lite.internal.failover.FailoverServiceTest.assertGetLocalFailoverItemsIfShutdown,True,0,True,9443
elasticjob/elastic-job-lite,b022898,./elastic-job-lite-core,io.elasticjob.lite.internal.schedule.JobRegistryTest.assertGetCurrentShardingTotalCountIfNull,True,0,True,1710
elasticjob/elastic-job-lite,b022898,./elastic-job-lite-core,io.elasticjob.lite.reg.zookeeper.ZookeeperRegistryCenterModifyTest.assertPersistEphemeralSequential,True,0,True,665
fhoeben/hsac-fitnesse-fixtures,a64c18d,.,nl.hsac.fitnesse.fixture.slim.FileFixtureTest.testDelete,True,0,True,664
hexagonframework/spring-data-ebean,dd11b97,.,org.springframework.data.ebean.repository.UserRepositoryIntegrationTest.deleteById,True,0,True,293
jhipster/jhipster-registry,00db366,.,io.github.jhipster.registry.web.rest.AccountResourceTest.testGetUnknownAccount,True,0,True,28
kevinsawicki/http-request,2d62a3e,./lib,com.github.kevinsawicki.http.HttpRequestTest.basicProxyAuthentication,True,0,True,10
kevinsawicki/http-request,2d62a3e,./lib,com.github.kevinsawicki.http.HttpRequestTest.deleteWithEscapedMappedQueryParams,True,0,True,8
kevinsawicki/http-request,2d62a3e,./lib,com.github.kevinsawicki.http.HttpRequestTest.deleteWithEscapedVarargsQueryParams,True,0,True,8
kevinsawicki/http-request,2d62a3e,./lib,com.github.kevinsawicki.http.HttpRequestTest.deleteWithMappedQueryParams,True,0,True,6
kevinsawicki/http-request,2d62a3e,./lib,com.github.kevinsawicki.http.HttpRequestTest.deleteWithVarargsQueryParams,True,0,True,10
kevinsawicki/http-request,2d62a3e,./lib,com.github.kevinsawicki.http.HttpRequestTest.getUrlEncodedWithPercent,True,0,True,8
kevinsawicki/http-request,2d62a3e,./lib,com.github.kevinsawicki.http.HttpRequestTest.getUrlEncodedWithSpace,True,2,True,0
kevinsawicki/http-request,2d62a3e,./lib,com.github.kevinsawicki.http.HttpRequestTest.getUrlEncodedWithUnicode,True,0,True,12
kevinsawicki/http-request,2d62a3e,./lib,com.github.kevinsawicki.http.HttpRequestTest.getWithEscapedMappedQueryParams,True,0,True,10
kevinsawicki/http-request,2d62a3e,./lib,com.github.kevinsawicki.http.HttpRequestTest.getWithEscapedVarargsQueryParams,True,8,True,0
kevinsawicki/http-request,2d62a3e,./lib,com.github.kevinsawicki.http.HttpRequestTest.getWithMappedQueryParams,True,2,True,0
kevinsawicki/http-request,2d62a3e,./lib,com.github.kevinsawicki.http.HttpRequestTest.getWithVarargsQueryParams,True,8,True,0
kevinsawicki/http-request,2d62a3e,./lib,com.github.kevinsawicki.http.HttpRequestTest.headWithEscapedMappedQueryParams,True,0,True,8
kevinsawicki/http-request,2d62a3e,./lib,com.github.kevinsawicki.http.HttpRequestTest.headWithEscapedVarargsQueryParams,True,0,True,10
kevinsawicki/http-request,2d62a3e,./lib,com.github.kevinsawicki.http.HttpRequestTest.headWithMappedQueryParams,True,0,True,8
kevinsawicki/http-request,2d62a3e,./lib,com.github.kevinsawicki.http.HttpRequestTest.headWithVaragsQueryParams,True,0,True,10
kevinsawicki/http-request,2d62a3e,./lib,com.github.kevinsawicki.http.HttpRequestTest.postWithEscapedMappedQueryParams,True,8,True,0
kevinsawicki/http-request,2d62a3e,./lib,com.github.kevinsawicki.http.HttpRequestTest.postWithMappedQueryParams,True,0,True,10
kevinsawicki/http-request,2d62a3e,./lib,com.github.kevinsawicki.http.HttpRequestTest.postWithVaragsQueryParams,True,0,True,8
kevinsawicki/http-request,2d62a3e,./lib,com.github.kevinsawicki.http.HttpRequestTest.putWithEscapedMappedQueryParams,True,0,True,6
kevinsawicki/http-request,2d62a3e,./lib,com.github.kevinsawicki.http.HttpRequestTest.putWithEscapedVarargsQueryParams,True,8,True,0
kevinsawicki/http-request,2d62a3e,./lib,com.github.kevinsawicki.http.HttpRequestTest.putWithMappedQueryParams,True,0,True,12
kevinsawicki/http-request,2d62a3e,./lib,com.github.kevinsawicki.http.HttpRequestTest.singleSslSocketFactory,True,0,True,14
kevinsawicki/http-request,2d62a3e,./lib,com.github.kevinsawicki.http.HttpRequestTest.singleVerifier,True,0,True,10
kevinsawicki/http-request,2d62a3e,./lib,com.github.kevinsawicki.http.HttpRequestTest.verifierAccepts,True,0,True,8
ktuukkan/marine-api,af00038,.,net.sf.marineapi.ais.event.AbstractAISMessageListenerTest.testBasicListenerWithUnexpectedMessage,True,0,True,16882
ktuukkan/marine-api,af00038,.,net.sf.marineapi.ais.event.AbstractAISMessageListenerTest.testConstructor,True,0,True,16882
ktuukkan/marine-api,af00038,.,net.sf.marineapi.ais.event.AbstractAISMessageListenerTest.testGenericsListenerDefaultConstructorThrows,True,0,True,16882
ktuukkan/marine-api,af00038,.,net.sf.marineapi.ais.event.AbstractAISMessageListenerTest.testGenericsListener,True,0,True,16882
ktuukkan/marine-api,af00038,.,net.sf.marineapi.ais.event.AbstractAISMessageListenerTest.testOnMessageWithExpectedMessage,True,0,True,16882
ktuukkan/marine-api,af00038,.,net.sf.marineapi.ais.event.AbstractAISMessageListenerTest.testParametrizedConstructor,True,0,True,16882
ktuukkan/marine-api,af00038,.,net.sf.marineapi.ais.event.AbstractAISMessageListenerTest.testSequenceListener,True,0,True,16882
ktuukkan/marine-api,af00038,.,net.sf.marineapi.ais.event.AbstractAISMessageListenerTest.testSequenceListenerWithIncorrectOrder,True,0,True,16882
ktuukkan/marine-api,af00038,.,net.sf.marineapi.ais.event.AbstractAISMessageListenerTest.testSequenceListenerWithMixedOrder,True,0,True,16882
ktuukkan/marine-api,af00038,.,net.sf.marineapi.ais.parser.AISMessageFactoryTest.testCreate,True,0,True,16882
ktuukkan/marine-api,af00038,.,net.sf.marineapi.ais.parser.AISMessageFactoryTest.testCreateWithIncorrectOrder,True,0,True,16882
ktuukkan/marine-api,af00038,.,net.sf.marineapi.ais.parser.AISMessageFactoryTest.testCreateWithTwo,True,0,True,16882
openpojo/openpojo,9badbcc,.,com.openpojo.issues.issue112.IssueTest.shouldNotFail,True,0,True,351184
openpojo/openpojo,9badbcc,.,com.openpojo.validation.test.impl.SerializableTesterTest.shouldSkipOverNonSerializableClass,True,0,True,491406
openpojo/openpojo,9badbcc,.,com.openpojo.validation.utils.ValidationHelperTest.shouldReportMissingASMProperly,True,0,True,138055
spring-projects/spring-boot,daa3d45,./spring-boot-project/spring-boot-actuator-autoconfigure,org.springframework.boot.actuate.autoconfigure.cloudfoundry.reactive.CloudFoundryWebFluxEndpointIntegrationTests.linksToOtherEndpointsWithFullAccess,True,0,True,329
spring-projects/spring-boot,daa3d45,./spring-boot-project/spring-boot-actuator-autoconfigure,org.springframework.boot.actuate.autoconfigure.cloudfoundry.reactive.CloudFoundryWebFluxEndpointIntegrationTests.linksToOtherEndpointsWithRestrictedAccess,True,0,True,329
spring-projects/spring-boot,daa3d45,./spring-boot-project/spring-boot-actuator-autoconfigure,org.springframework.boot.actuate.autoconfigure.cloudfoundry.reactive.CloudFoundryWebFluxEndpointIntegrationTests.operationWithSecurityInterceptorForbidden,True,0,True,394
spring-projects/spring-boot,daa3d45,./spring-boot-project/spring-boot-actuator-autoconfigure,org.springframework.boot.actuate.autoconfigure.cloudfoundry.reactive.CloudFoundryWebFluxEndpointIntegrationTests.operationWithSecurityInterceptorSuccess,True,0,True,329
spring-projects/spring-boot,daa3d45,./spring-boot-project/spring-boot-actuator-autoconfigure,org.springframework.boot.actuate.autoconfigure.cloudfoundry.servlet.CloudFoundryMvcWebEndpointIntegrationTests.linksToOtherEndpointsWithFullAccess,True,0,True,1111
spring-projects/spring-boot,daa3d45,./spring-boot-project/spring-boot-actuator-autoconfigure,org.springframework.boot.actuate.autoconfigure.cloudfoundry.servlet.CloudFoundryMvcWebEndpointIntegrationTests.linksToOtherEndpointsWithRestrictedAccess,True,0,True,1111
spring-projects/spring-boot,daa3d45,./spring-boot-project/spring-boot-actuator-autoconfigure,org.springframework.boot.actuate.autoconfigure.cloudfoundry.servlet.CloudFoundryMvcWebEndpointIntegrationTests.operationWithSecurityInterceptorForbidden,True,0,True,1116
spring-projects/spring-boot,daa3d45,./spring-boot-project/spring-boot-actuator-autoconfigure,org.springframework.boot.actuate.autoconfigure.cloudfoundry.servlet.CloudFoundryMvcWebEndpointIntegrationTests.operationWithSecurityInterceptorSuccess,True,0,True,1111
spring-projects/spring-boot,daa3d45,./spring-boot-project/spring-boot-test-autoconfigure,org.springframework.boot.test.autoconfigure.data.neo4j.DataNeo4jTestIntegrationTests.testRepository,True,103,True,0
spring-projects/spring-boot,daa3d45,./spring-boot-project/spring-boot-test-autoconfigure,org.springframework.boot.test.autoconfigure.data.redis.DataRedisTestIntegrationTests.testRepository,True,126,True,0
spring-projects/spring-boot,daa3d45,./spring-boot-project/spring-boot-test-autoconfigure,org.springframework.boot.test.autoconfigure.web.servlet.mockmvc.WebMvcTestWebDriverCustomScopeIntegrationTests.shouldBeTheSameWebClient,True,15,True,0
spring-projects/spring-boot,daa3d45,./spring-boot-project/spring-boot-test-autoconfigure,org.springframework.boot.test.autoconfigure.web.servlet.mockmvc.WebMvcTestWebDriverIntegrationTests.shouldBeADifferentWebClient,True,5,True,0
spring-projects/spring-boot,daa3d45,./spring-boot-project/spring-boot-test,org.springframework.boot.test.mock.mockito.ResetMocksTestExecutionListenerTests.test002,True,0,True,952
spring-projects/spring-data-envers,5637994,.,org.springframework.data.envers.repository.support.QueryDslRepositoryIntegrationTests.testWithQueryDsl,True,0,True,5
spring-projects/spring-data-envers,5637994,.,org.springframework.data.envers.repository.support.QueryDslRepositoryIntegrationTests.testWithRevisions,True,0,True,5
spring-projects/spring-ws,e8d89c9,./spring-ws-core,org.springframework.ws.client.core.AxiomNonStreamingSoap11WebServiceTemplateIntegrationTest.attachment,True,949,True,0
spring-projects/spring-ws,e8d89c9,./spring-ws-core,org.springframework.ws.client.core.AxiomNonStreamingSoap11WebServiceTemplateIntegrationTest.faultNonCompliant,True,958,True,0
spring-projects/spring-ws,e8d89c9,./spring-ws-core,org.springframework.ws.client.core.AxiomNonStreamingSoap11WebServiceTemplateIntegrationTest.fault,True,955,True,0
spring-projects/spring-ws,e8d89c9,./spring-ws-core,org.springframework.ws.client.core.AxiomNonStreamingSoap11WebServiceTemplateIntegrationTest.marshalSendAndReceiveNoResponse,True,952,True,0
spring-projects/spring-ws,e8d89c9,./spring-ws-core,org.springframework.ws.client.core.AxiomNonStreamingSoap11WebServiceTemplateIntegrationTest.marshalSendAndReceiveResponse,True,961,True,0
spring-projects/spring-ws,e8d89c9,./spring-ws-core,org.springframework.ws.client.core.AxiomNonStreamingSoap11WebServiceTemplateIntegrationTest.notFound,True,967,True,0
spring-projects/spring-ws,e8d89c9,./spring-ws-core,org.springframework.ws.client.core.AxiomNonStreamingSoap11WebServiceTemplateIntegrationTest.sendSourceAndReceiveToResultNoResponse,True,964,True,0
spring-projects/spring-ws,e8d89c9,./spring-ws-core,org.springframework.ws.client.core.AxiomNonStreamingSoap12WebServiceTemplateIntegrationTest.attachment,True,978,True,0
spring-projects/spring-ws,e8d89c9,./spring-ws-core,org.springframework.ws.client.core.AxiomNonStreamingSoap12WebServiceTemplateIntegrationTest.marshalSendAndReceiveNoResponse,True,994,True,0
spring-projects/spring-ws,e8d89c9,./spring-ws-core,org.springframework.ws.client.core.AxiomNonStreamingSoap12WebServiceTemplateIntegrationTest.marshalSendAndReceiveResponse,True,1002,True,0
spring-projects/spring-ws,e8d89c9,./spring-ws-core,org.springframework.ws.client.core.AxiomNonStreamingSoap12WebServiceTemplateIntegrationTest.notFound,True,1026,True,0
spring-projects/spring-ws,e8d89c9,./spring-ws-core,org.springframework.ws.client.core.AxiomNonStreamingSoap12WebServiceTemplateIntegrationTest.receiverFault,True,986,True,0
spring-projects/spring-ws,e8d89c9,./spring-ws-core,org.springframework.ws.client.core.AxiomNonStreamingSoap12WebServiceTemplateIntegrationTest.senderFault,True,1010,True,0
spring-projects/spring-ws,e8d89c9,./spring-ws-core,org.springframework.ws.client.core.AxiomNonStreamingSoap12WebServiceTemplateIntegrationTest.sendSourceAndReceiveToResultNoResponse,True,1018,True,0
spring-projects/spring-ws,e8d89c9,./spring-ws-core,org.springframework.ws.client.core.AxiomNonStreamingSoap12WebServiceTemplateIntegrationTest.sendSourceAndReceiveToResult,True,0,True,978
spring-projects/spring-ws,e8d89c9,./spring-ws-security,org.springframework.ws.soap.security.xwss.callback.SpringDigestPasswordValidationCallbackHandlerTest.testAuthenticateUserDigestUserNotFound,True,0,True,10899
spring-projects/spring-ws,e8d89c9,./spring-ws-security,org.springframework.ws.soap.security.xwss.callback.SpringDigestPasswordValidationCallbackHandlerTest.testAuthenticateUserDigestValidInvalid,True,0,True,10902
tbsalling/aismessages,7b0c4c7,.,dk.tbsalling.aismessages.nmea.NMEAMessageHandlerTest.canHandleFragmentedMessageReceived,True,0,True,9
tbsalling/aismessages,7b0c4c7,.,dk.tbsalling.aismessages.nmea.NMEAMessageHandlerTest.canHandleUnfragmentedMessageReceived,True,0,True,20
tools4j/unix4j,367da7d,./unix4j-core/unix4j-command,org.unix4j.unix.FindFileTimeDependentTest.find_fileCreatedBeforeNow,True,0,True,1623
vmware/admiral,e4b0293,./compute,com.vmware.admiral.compute.container.GroupResourcePlacementServiceTest.testMemoryPlacementReservationRequest,True,0,True,2070
vmware/admiral,e4b0293,./request,com.vmware.admiral.request.kubernetes.RequestBrokerKubernetesServiceTest.testRequestStateHasK8sInfo,True,0,True,1270
wikidata/wikidata-toolkit,20de6f7,./wdtk-dumpfiles,org.wikidata.wdtk.dumpfiles.MwDumpFileProcessingTest.testMwDailyDumpFileProcessing,True,0,True,4
wikidata/wikidata-toolkit,20de6f7,./wdtk-dumpfiles,org.wikidata.wdtk.dumpfiles.MwDumpFileProcessingTest.testMwMostRecentFullDumpFileProcessing,True,0,True,520
wikidata/wikidata-toolkit,20de6f7,./wdtk-dumpfiles,org.wikidata.wdtk.dumpfiles.MwDumpFileProcessingTest.testMwRecentCurrentDumpFileProcessing,True,0,True,521
wikidata/wikidata-toolkit,20de6f7,./wdtk-util,org.wikidata.wdtk.util.DirectoryManagerFactoryTest.createDefaultDirectoryManagerPath,True,0,True,2
wikidata/wikidata-toolkit,20de6f7,./wdtk-util,org.wikidata.wdtk.util.DirectoryManagerFactoryTest.createDirectoryManagerIoException,True,0,True,1
wildfly/wildfly,b19048b,./naming,org.jboss.as.naming.InitialContextFactoryTestCase.testInitialFactory,True,0,True,449
wildfly/wildfly,b19048b,./naming,org.jboss.as.naming.InitialContextFactoryTestCase.testJavaContext,True,0,True,449
wildfly/wildfly,b19048b,./naming,org.jboss.as.naming.InitialContextTestCase.testRegisterURLSchemeHandler,True,449,True,0
wildfly/wildfly,b19048b,./naming,org.jboss.as.naming.NamingContextTestCase.testBind,True,449,True,0
wildfly/wildfly,b19048b,./naming,org.jboss.as.naming.NamingContextTestCase.testBindReferenceable,True,449,True,0
wildfly/wildfly,b19048b,./naming,org.jboss.as.naming.NamingContextTestCase.testCreateSubcontext,True,449,True,0
wildfly/wildfly,b19048b,./naming,org.jboss.as.naming.NamingContextTestCase.testListBindingsNameNotFound,True,449,True,0
wildfly/wildfly,b19048b,./naming,org.jboss.as.naming.NamingContextTestCase.testListBindings,True,449,True,0
wildfly/wildfly,b19048b,./naming,org.jboss.as.naming.NamingContextTestCase.testListBindingsWithContinuation,True,449,True,0
wildfly/wildfly,b19048b,./naming,org.jboss.as.naming.NamingContextTestCase.testListNameNotFound,True,449,True,0
wildfly/wildfly,b19048b,./naming,org.jboss.as.naming.NamingContextTestCase.testList,True,449,True,0
wildfly/wildfly,b19048b,./naming,org.jboss.as.naming.NamingContextTestCase.testListWithContinuation,True,449,True,0
wildfly/wildfly,b19048b,./naming,org.jboss.as.naming.NamingContextTestCase.testLookupContextLink,True,449,True,0
wildfly/wildfly,b19048b,./naming,org.jboss.as.naming.NamingContextTestCase.testLookupEmptyName,True,449,True,0
wildfly/wildfly,b19048b,./naming,org.jboss.as.naming.NamingContextTestCase.testLookupLink,True,449,True,0
wildfly/wildfly,b19048b,./naming,org.jboss.as.naming.NamingContextTestCase.testLookupNameNotFound,True,449,True,0
wildfly/wildfly,b19048b,./naming,org.jboss.as.naming.NamingContextTestCase.testLookup,True,449,True,0
wildfly/wildfly,b19048b,./naming,org.jboss.as.naming.NamingContextTestCase.testLookupReference,True,449,True,0
wildfly/wildfly,b19048b,./naming,org.jboss.as.naming.NamingContextTestCase.testLookupWithContinuation,True,449,True,0
wildfly/wildfly,b19048b,./naming,org.jboss.as.naming.NamingContextTestCase.testLookupWitResolveResult,True,449,True,0
wildfly/wildfly,b19048b,./naming,org.jboss.as.naming.NamingContextTestCase.testRebind,True,449,True,0
wildfly/wildfly,b19048b,./naming,org.jboss.as.naming.NamingContextTestCase.testRebindReferenceable,True,449,True,0
wildfly/wildfly,b19048b,./naming,org.jboss.as.naming.NamingContextTestCase.testUnbind,True,449,True,0
wildfly/wildfly,b19048b,./naming,org.jboss.as.naming.NamingEventCoordinatorTestCase.testFireAllEvent,True,1133,True,0
wildfly/wildfly,b19048b,./naming,org.jboss.as.naming.NamingEventCoordinatorTestCase.testFireMultiLevelEvent,True,1133,True,0
wildfly/wildfly,b19048b,./naming,org.jboss.as.naming.NamingEventCoordinatorTestCase.testFireObjectEvent,True,1133,True,0
wildfly/wildfly,b19048b,./naming,org.jboss.as.naming.NamingEventCoordinatorTestCase.testFireOneLevelEvent,True,1133,True,0
wildfly/wildfly,b19048b,./naming,org.jboss.as.naming.NamingEventCoordinatorTestCase.testFireSubTreeEvent,True,1133,True,0
wildfly/wildfly,b19048b,./naming,org.jboss.as.naming.ObjectFactoryTestCase.testBindAndRetrieveObjectFactoryFromInitialContext,True,1133,True,0
wildfly/wildfly,b19048b,./naming,org.jboss.as.naming.ObjectFactoryTestCase.testBindAndRetrieveObjectFactoryFromNamingContext,True,1133,True,0
wildfly/wildfly,b19048b,./naming,org.jboss.as.naming.ServiceBasedNamingStoreTestCase.testListBindings,True,1769,True,0
wildfly/wildfly,b19048b,./naming,org.jboss.as.naming.ServiceBasedNamingStoreTestCase.testLookupBinding,True,1769,True,0
wildfly/wildfly,b19048b,./naming,org.jboss.as.naming.ServiceBasedNamingStoreTestCase.testLookupBindingUsingNestedContext,True,1769,True,0
wildfly/wildfly,b19048b,./naming,org.jboss.as.naming.ServiceBasedNamingStoreTestCase.testStoredContext,True,1769,True,0
wildfly/wildfly,b19048b,./naming,org.jboss.as.naming.subsystem.NamingSubsystemTestCase.testCompositeBindingOps,True,0,True,1422
wildfly/wildfly,b19048b,./naming,org.jboss.as.naming.subsystem.NamingSubsystemTestCase.testCompositeBindingUpdate,True,0,True,1422
wildfly/wildfly,b19048b,./naming,org.jboss.as.naming.subsystem.NamingSubsystemTestCase.testOnlyExternalContextAllowsCache,True,0,True,1422
wildfly/wildfly,b19048b,./naming,org.jboss.as.naming.subsystem.NamingSubsystemTestCase.testRejectionsEAP6,True,0,True,1422
wildfly/wildfly,b19048b,./naming,org.jboss.as.naming.subsystem.NamingSubsystemTestCase.testRejectionsEAP7,True,0,True,1422
wildfly/wildfly,b19048b,./naming,org.jboss.as.naming.subsystem.NamingSubsystemTestCase.testSubsystem,True,0,True,1422
wildfly/wildfly,b19048b,./naming,org.jboss.as.naming.WritableServiceBasedNamingStoreTestCase.testBindNested,True,0,True,172
wildfly/wildfly,b19048b,./naming,org.jboss.as.naming.WritableServiceBasedNamingStoreTestCase.testBind,True,0,True,170
wildfly/wildfly,b19048b,./naming,org.jboss.as.naming.WritableServiceBasedNamingStoreTestCase.testPermissions,True,0,True,1428
wildfly/wildfly,b19048b,./naming,org.jboss.as.naming.WritableServiceBasedNamingStoreTestCase.testRebind,True,161,True,0
wildfly/wildfly,b19048b,./security/subsystem,org.jboss.as.security.SecurityDomainModelv12UnitTestCase.testSubsystem,True,0,True,159
wro4j/wro4j,185ab60,./wro4j-core,ro.isdc.wro.model.resource.processor.TestJsMinProcessor.shouldProcessRegexpContainingCurlyBraces,True,21536,True,0
wro4j/wro4j,185ab60,./wro4j-core,ro.isdc.wro.model.resource.support.change.TestResourceChangeInfo.cannotCheckChangeForNullGroupName,True,0,True,5238
wro4j/wro4j,185ab60,./wro4j-core,ro.isdc.wro.model.resource.support.change.TestResourceWatcher.cannotCheckNullCacheEntry,True,0,True,5238
wro4j/wro4j,185ab60,./wro4j-core,ro.isdc.wro.model.resource.support.hash.TestConfigurableHashStrategy.cannotConfigureInvalidAlias,True,0,True,5238
wro4j/wro4j,185ab60,./wro4j-core,ro.isdc.wro.model.resource.support.naming.TestConfigurableNamingStrategy.cannotConfigureInvalidAlias,True,0,True,5238
wro4j/wro4j,185ab60,./wro4j-core,ro.isdc.wro.model.resource.support.naming.TestDefaultHashEncoderNamingStrategy.cannotAcceptNullStream,True,0,True,5238
wro4j/wro4j,185ab60,./wro4j-core,ro.isdc.wro.model.resource.support.naming.TestDefaultHashEncoderNamingStrategy.shouldRenameResourceWithSomeContent,True,0,True,5238
wro4j/wro4j,185ab60,./wro4j-core,ro.isdc.wro.model.resource.support.naming.TestHashEncoderNamingStrategy.cannotAcceptNullStream,True,0,True,5238
wro4j/wro4j,185ab60,./wro4j-core,ro.isdc.wro.model.resource.support.naming.TestHashEncoderNamingStrategy.shouldRenameResourceWithSomeContent,True,0,True,5238
wro4j/wro4j,185ab60,./wro4j-core,ro.isdc.wro.model.resource.support.TestDefaultResourceAuthorizationManager.shouldContainOnlyOneResourceWhenSameIsAddedTwice,True,0,True,5238
wro4j/wro4j,185ab60,./wro4j-core,ro.isdc.wro.model.TestWroModel.shouldNotReturnDuplicatedResources,True,0,True,5238
wro4j/wro4j,185ab60,./wro4j-core,ro.isdc.wro.util.provider.TestProviderFinder.shouldFindConfigurableProviders,True,0,True,26721
wro4j/wro4j,185ab60,./wro4j-core,ro.isdc.wro.util.TestProxyFactory.cannotCreateProxyFromNullObjectFactory,True,0,True,6334
wro4j/wro4j,185ab60,./wro4j-core,ro.isdc.wro.util.TestSchedulerHelper.canAcceptNullRunnableWhenPeriodIsZero,True,0,True,5238
wro4j/wro4j,185ab60,./wro4j-core,ro.isdc.wro.util.TestWroUtil.shouldJoinTwoPaths,True,0,True,10377
wso2/carbon-apimgt,a82213e,./components/apimgt/org.wso2.carbon.apimgt.core,org.wso2.carbon.apimgt.core.auth.ScopeRegistrationServiceStubFactoryTest.testGetScopeRegistration,True,0,True,58
zalando/riptide,8277e11,./riptide-spring-boot-starter,org.zalando.riptide.spring.metrics.MetricsTest.shouldRecordRequests,True,4,True,0
zalando/riptide,8277e11,./riptide-spring-boot-starter,org.zalando.riptide.spring.metrics.MetricsTest.shouldRecordRetries,True,0,True,1
