Activiti/Activiti,b11f757,./activiti-spring-boot-starter,org.activiti.spring.boot.tasks.TaskRuntimeClaimReleaseTest.aCreateStandaloneTaskForGroup,True,0,True,1
Activiti/Activiti,b11f757,./activiti-spring-boot-starter,org.activiti.spring.boot.tasks.TaskRuntimeClaimReleaseTest.bClaimAndRelease,True,0,True,4
Activiti/Activiti,b11f757,./activiti-spring-boot-starter,org.activiti.spring.boot.tasks.TaskRuntimeClaimReleaseTest.eCreateStandaloneTaskAndClaimAndReleaseUnAuthorized,True,1,True,0
Activiti/Activiti,b11f757,./activiti-spring-boot-starter,org.activiti.spring.boot.tasks.TaskRuntimeCompleteTaskTest.aCreateStandaloneTaskAndComplete,True,0,True,1
Activiti/Activiti,b11f757,./activiti-spring-boot-starter,org.activiti.spring.boot.tasks.TaskRuntimeCompleteTaskTest.bCreateStandaloneTask,True,0,True,15
Activiti/Activiti,b11f757,./activiti-spring-boot-starter,org.activiti.spring.boot.tasks.TaskRuntimeCompleteTaskTest.ctryCompletingWithUnauthorizedUser,True,1,True,0
Activiti/Activiti,b11f757,./activiti-spring-boot-starter,org.activiti.spring.boot.tasks.TaskRuntimeDeleteTaskTest.aCreateStandaloneTaskAndDelete,True,4,True,0
Activiti/Activiti,b11f757,./activiti-spring-boot-starter,org.activiti.spring.boot.tasks.TaskRuntimeDeleteTaskTest.cCreateStandaloneGroupTaskClaimAndDeleteFail,True,0,True,2
Activiti/Activiti,b11f757,./activiti-spring-boot-starter,org.activiti.spring.boot.tasks.TaskRuntimeDeleteTaskTest.dClaimTaskCreatedForGroup,True,0,True,5
Activiti/Activiti,b11f757,./activiti-spring-boot-starter,org.activiti.spring.boot.tasks.TaskRuntimeStandaloneTaskTest.aCreateStandaloneTaskForSalaboy,True,0,True,9
Activiti/Activiti,b11f757,./activiti-spring-boot-starter,org.activiti.spring.boot.tasks.TaskRuntimeStandaloneTaskTest.bCreateStandaloneTaskForGroup,True,0,True,6
Activiti/Activiti,b11f757,./activiti-spring-boot-starter,org.activiti.spring.boot.tasks.TaskRuntimeTaskAssigneeTest.aCreateStandaloneTaskForAnotherAssignee,True,1,True,0
Activiti/Activiti,b11f757,./activiti-spring-boot-starter,org.activiti.spring.boot.tasks.TaskRuntimeTaskAssigneeTest.bCreateCheckTaskCreatedForSalaboyFromAnotherUser,True,0,True,1
Activiti/Activiti,b11f757,./activiti-spring-boot-starter,org.activiti.spring.boot.tasks.TaskRuntimeTaskAssigneeTest.cCreateStandaloneTaskForGroupAndClaim,True,2,True,0
Activiti/Activiti,b11f757,./activiti-spring-boot-starter,org.activiti.spring.boot.tasks.TaskRuntimeTaskForOtherTest.aCreateStandaloneTaskWithNoCandidates,True,0,True,3
Activiti/Activiti,b11f757,./activiti-spring-boot-starter,org.activiti.spring.boot.tasks.TaskRuntimeUnAuthorizedTest.bClaimNotFoundBecauseYouAreNotACandidate,True,0,True,1
alibaba/fastjson,5c6d6fd,.,com.alibaba.json.bvt.parser.DefaultExtJSONParser_parseArray.test_7,False,0,False,0
alibaba/fastjson,5c6d6fd,.,com.alibaba.json.bvt.parser.DefaultExtJSONParser_parseArray.test_8,False,0,False,0
apache/dubbo,737f7a7,./dubbo-cluster,org.apache.dubbo.rpc.cluster.StickyTest.testStickyNoCheck,True,0,True,1
apache/dubbo,737f7a7,./dubbo-cluster,org.apache.dubbo.rpc.cluster.support.AbstractClusterInvokerTest.testBindingAttachment,True,0,True,1
apache/dubbo,737f7a7,./dubbo-cluster,org.apache.dubbo.rpc.cluster.support.ForkingClusterInvokerTest.testClearRpcContext,True,0,True,16
apache/dubbo,737f7a7,./dubbo-common,org.apache.dubbo.common.threadlocal.InternalThreadLocalTest.testSize,True,0,True,1
apache/dubbo,737f7a7,./dubbo-config/dubbo-config-api,org.apache.dubbo.config.AbstractInterfaceConfigTest.checkApplication2,True,1,True,0
apache/dubbo,737f7a7,./dubbo-config/dubbo-config-api,org.apache.dubbo.config.AbstractInterfaceConfigTest.checkInterfaceAndMethod3,True,0,False,0
apache/dubbo,737f7a7,./dubbo-config/dubbo-config-api,org.apache.dubbo.config.AbstractInterfaceConfigTest.checkInterfaceAndMethod4,True,0,False,0
apache/dubbo,737f7a7,./dubbo-config/dubbo-config-api,org.apache.dubbo.config.AbstractInterfaceConfigTest.checkInterfaceAndMethod5,True,0,False,0
apache/dubbo,737f7a7,./dubbo-config/dubbo-config-api,org.apache.dubbo.config.AbstractInterfaceConfigTest.checkInterfaceAndMethods1,True,0,False,0
apache/dubbo,737f7a7,./dubbo-config/dubbo-config-api,org.apache.dubbo.config.AbstractInterfaceConfigTest.checkInterfaceAndMethods2,True,0,False,0
apache/dubbo,737f7a7,./dubbo-config/dubbo-config-api,org.apache.dubbo.config.AbstractInterfaceConfigTest.checkStubAndMock1,True,0,True,20
apache/dubbo,737f7a7,./dubbo-config/dubbo-config-api,org.apache.dubbo.config.AbstractInterfaceConfigTest.checkStubAndMock2,True,0,True,8
apache/dubbo,737f7a7,./dubbo-config/dubbo-config-api,org.apache.dubbo.config.AbstractInterfaceConfigTest.checkStubAndMock3,True,0,True,17
apache/dubbo,737f7a7,./dubbo-config/dubbo-config-api,org.apache.dubbo.config.AbstractInterfaceConfigTest.checkStubAndMock4,True,0,True,14
apache/dubbo,737f7a7,./dubbo-config/dubbo-config-api,org.apache.dubbo.config.AbstractInterfaceConfigTest.checkStubAndMock5,True,0,True,104
apache/dubbo,737f7a7,./dubbo-config/dubbo-config-api,org.apache.dubbo.config.AbstractInterfaceConfigTest.checkStubAndMock6,True,0,True,124
apache/dubbo,737f7a7,./dubbo-config/dubbo-config-api,org.apache.dubbo.config.AbstractInterfaceConfigTest.checkStubAndMock7,True,0,True,26
apache/dubbo,737f7a7,./dubbo-config/dubbo-config-api,org.apache.dubbo.config.AbstractInterfaceConfigTest.checkStubAndMock8,True,0,True,426
apache/dubbo,737f7a7,./dubbo-config/dubbo-config-api,org.apache.dubbo.config.AbstractInterfaceConfigTest.checkStubAndMock9,True,0,True,427
apache/dubbo,737f7a7,./dubbo-config/dubbo-config-api,org.apache.dubbo.config.AbstractInterfaceConfigTest.testApplication,True,0,False,0
apache/dubbo,737f7a7,./dubbo-config/dubbo-config-api,org.apache.dubbo.config.AbstractInterfaceConfigTest.testCallbacks,True,0,False,0
apache/dubbo,737f7a7,./dubbo-config/dubbo-config-api,org.apache.dubbo.config.AbstractInterfaceConfigTest.testCheckRegistry1,True,0,True,59
apache/dubbo,737f7a7,./dubbo-config/dubbo-config-api,org.apache.dubbo.config.AbstractInterfaceConfigTest.testCheckRegistry2,True,0,True,54
apache/dubbo,737f7a7,./dubbo-config/dubbo-config-api,org.apache.dubbo.config.AbstractInterfaceConfigTest.testCluster,True,0,True,1
apache/dubbo,737f7a7,./dubbo-config/dubbo-config-api,org.apache.dubbo.config.AbstractInterfaceConfigTest.testConnections,True,0,False,0
apache/dubbo,737f7a7,./dubbo-config/dubbo-config-api,org.apache.dubbo.config.AbstractInterfaceConfigTest.testFilter,True,0,True,7
apache/dubbo,737f7a7,./dubbo-config/dubbo-config-api,org.apache.dubbo.config.AbstractInterfaceConfigTest.testLayer,True,0,False,0
apache/dubbo,737f7a7,./dubbo-config/dubbo-config-api,org.apache.dubbo.config.AbstractInterfaceConfigTest.testListener,True,0,True,22
apache/dubbo,737f7a7,./dubbo-config/dubbo-config-api,org.apache.dubbo.config.AbstractInterfaceConfigTest.testLoadMonitor,True,0,True,5
apache/dubbo,737f7a7,./dubbo-config/dubbo-config-api,org.apache.dubbo.config.AbstractInterfaceConfigTest.testLoadRegistries,True,0,True,2
apache/dubbo,737f7a7,./dubbo-config/dubbo-config-api,org.apache.dubbo.config.AbstractInterfaceConfigTest.testLocal,True,0,False,0
apache/dubbo,737f7a7,./dubbo-config/dubbo-config-api,org.apache.dubbo.config.AbstractInterfaceConfigTest.testModule,True,0,False,0
apache/dubbo,737f7a7,./dubbo-config/dubbo-config-api,org.apache.dubbo.config.AbstractInterfaceConfigTest.testMonitor,True,0,False,0
apache/dubbo,737f7a7,./dubbo-config/dubbo-config-api,org.apache.dubbo.config.AbstractInterfaceConfigTest.testOnconnect,True,0,False,0
apache/dubbo,737f7a7,./dubbo-config/dubbo-config-api,org.apache.dubbo.config.AbstractInterfaceConfigTest.testOndisconnect,True,0,False,0
apache/dubbo,737f7a7,./dubbo-config/dubbo-config-api,org.apache.dubbo.config.AbstractInterfaceConfigTest.testOwner,True,0,False,0
apache/dubbo,737f7a7,./dubbo-config/dubbo-config-api,org.apache.dubbo.config.AbstractInterfaceConfigTest.testProxy,True,0,True,21
apache/dubbo,737f7a7,./dubbo-config/dubbo-config-api,org.apache.dubbo.config.AbstractInterfaceConfigTest.testRegistries,True,0,False,0
apache/dubbo,737f7a7,./dubbo-config/dubbo-config-api,org.apache.dubbo.config.AbstractInterfaceConfigTest.testRegistry,True,0,False,0
apache/dubbo,737f7a7,./dubbo-config/dubbo-config-api,org.apache.dubbo.config.AbstractInterfaceConfigTest.testScope,True,0,False,0
apache/dubbo,737f7a7,./dubbo-config/dubbo-config-api,org.apache.dubbo.config.AbstractInterfaceConfigTest.testStub,True,0,False,0
apache/dubbo,737f7a7,./dubbo-filter/dubbo-filter-cache,org.apache.dubbo.cache.support.jcache.JCacheFactoryTest.testJCacheGetExpired,False,0,True,0
apache/dubbo,737f7a7,./dubbo-rpc/dubbo-rpc-api,org.apache.dubbo.rpc.proxy.javassist.JavassistProxyFactoryTest.testGetInvoker,True,0,True,5
apache/dubbo,737f7a7,./dubbo-rpc/dubbo-rpc-api,org.apache.dubbo.rpc.proxy.jdk.JdkProxyFactoryTest.testGetInvoker,True,0,True,2
apache/dubbo,737f7a7,./dubbo-rpc/dubbo-rpc-dubbo,org.apache.dubbo.rpc.protocol.dubbo.DubboProtocolTest.testDubboProtocolWithMina,True,0,True,1
apache/dubbo,737f7a7,./dubbo-rpc/dubbo-rpc-dubbo,org.apache.dubbo.rpc.protocol.dubbo.telnet.ChangeTelnetHandlerTest.testChangeServiceNotExport,True,0,True,32
apache/dubbo,737f7a7,./dubbo-serialization/dubbo-serialization-fst,org.apache.dubbo.common.serialize.fst.FstObjectInputTest.testEmptyByteArrayForEmptyInput,True,7,True,0
apache/hadoop,cc2babc,./hadoop-common-project/hadoop-auth,org.apache.hadoop.security.authentication.util.TestKerberosName.testRules,True,0,True,4
apache/hadoop,cc2babc,./hadoop-hdfs-project/hadoop-hdfs-nfs,org.apache.hadoop.hdfs.nfs.nfs3.TestRpcProgramNfs3.testAccess,True,1,True,0
apache/hadoop,cc2babc,./hadoop-hdfs-project/hadoop-hdfs-nfs,org.apache.hadoop.hdfs.nfs.nfs3.TestRpcProgramNfs3.testCommit,True,1,True,0
apache/hadoop,cc2babc,./hadoop-hdfs-project/hadoop-hdfs-nfs,org.apache.hadoop.hdfs.nfs.nfs3.TestRpcProgramNfs3.testCreate,True,1,True,0
apache/hadoop,cc2babc,./hadoop-hdfs-project/hadoop-hdfs-nfs,org.apache.hadoop.hdfs.nfs.nfs3.TestRpcProgramNfs3.testFsinfo,True,1,True,0
apache/hadoop,cc2babc,./hadoop-hdfs-project/hadoop-hdfs-nfs,org.apache.hadoop.hdfs.nfs.nfs3.TestRpcProgramNfs3.testFsstat,True,1,True,0
apache/hadoop,cc2babc,./hadoop-hdfs-project/hadoop-hdfs-nfs,org.apache.hadoop.hdfs.nfs.nfs3.TestRpcProgramNfs3.testGetattr,True,1,True,0
apache/hadoop,cc2babc,./hadoop-hdfs-project/hadoop-hdfs-nfs,org.apache.hadoop.hdfs.nfs.nfs3.TestRpcProgramNfs3.testLookup,True,1,True,0
apache/hadoop,cc2babc,./hadoop-hdfs-project/hadoop-hdfs-nfs,org.apache.hadoop.hdfs.nfs.nfs3.TestRpcProgramNfs3.testMkdir,True,1,True,0
apache/hadoop,cc2babc,./hadoop-hdfs-project/hadoop-hdfs-nfs,org.apache.hadoop.hdfs.nfs.nfs3.TestRpcProgramNfs3.testPathconf,True,1,True,0
apache/hadoop,cc2babc,./hadoop-hdfs-project/hadoop-hdfs-nfs,org.apache.hadoop.hdfs.nfs.nfs3.TestRpcProgramNfs3.testReaddirplus,True,1,True,0
apache/hadoop,cc2babc,./hadoop-hdfs-project/hadoop-hdfs-nfs,org.apache.hadoop.hdfs.nfs.nfs3.TestRpcProgramNfs3.testReaddir,True,1,True,0
apache/hadoop,cc2babc,./hadoop-hdfs-project/hadoop-hdfs-nfs,org.apache.hadoop.hdfs.nfs.nfs3.TestRpcProgramNfs3.testReadlink,True,1,True,0
apache/hadoop,cc2babc,./hadoop-hdfs-project/hadoop-hdfs-nfs,org.apache.hadoop.hdfs.nfs.nfs3.TestRpcProgramNfs3.testRead,True,1,True,0
apache/hadoop,cc2babc,./hadoop-hdfs-project/hadoop-hdfs-nfs,org.apache.hadoop.hdfs.nfs.nfs3.TestRpcProgramNfs3.testRemove,True,1,True,0
apache/hadoop,cc2babc,./hadoop-hdfs-project/hadoop-hdfs-nfs,org.apache.hadoop.hdfs.nfs.nfs3.TestRpcProgramNfs3.testRename,True,1,True,0
apache/hadoop,cc2babc,./hadoop-hdfs-project/hadoop-hdfs-nfs,org.apache.hadoop.hdfs.nfs.nfs3.TestRpcProgramNfs3.testRmdir,True,1,True,0
apache/hadoop,cc2babc,./hadoop-hdfs-project/hadoop-hdfs-nfs,org.apache.hadoop.hdfs.nfs.nfs3.TestRpcProgramNfs3.testSetattr,True,1,True,0
apache/hadoop,cc2babc,./hadoop-hdfs-project/hadoop-hdfs-nfs,org.apache.hadoop.hdfs.nfs.nfs3.TestRpcProgramNfs3.testSymlink,True,1,True,0
apache/hadoop,cc2babc,./hadoop-hdfs-project/hadoop-hdfs-nfs,org.apache.hadoop.hdfs.nfs.nfs3.TestRpcProgramNfs3.testWrite,True,1,True,0
apache/hadoop,cc2babc,./hadoop-hdfs-project/hadoop-hdfs-nfs,org.apache.hadoop.hdfs.nfs.nfs3.TestViewfsWithNfs3.testNfsAccessNN1,True,1,True,0
apache/hadoop,cc2babc,./hadoop-hdfs-project/hadoop-hdfs-nfs,org.apache.hadoop.hdfs.nfs.nfs3.TestViewfsWithNfs3.testNfsAccessNN2,True,1,True,0
apache/hadoop,cc2babc,./hadoop-hdfs-project/hadoop-hdfs-nfs,org.apache.hadoop.hdfs.nfs.nfs3.TestViewfsWithNfs3.testNfsRenameSingleNN,True,1,True,0
apache/hadoop,cc2babc,./hadoop-hdfs-project/hadoop-hdfs-nfs,org.apache.hadoop.hdfs.nfs.nfs3.TestViewfsWithNfs3.testNfsWriteNN1,True,1,True,0
apache/hadoop,cc2babc,./hadoop-hdfs-project/hadoop-hdfs-nfs,org.apache.hadoop.hdfs.nfs.nfs3.TestViewfsWithNfs3.testNfsWriteNN2,True,1,True,0
apache/hadoop,cc2babc,./hadoop-hdfs-project/hadoop-hdfs-nfs,org.apache.hadoop.hdfs.nfs.nfs3.TestViewfsWithNfs3.testWrongNfsAccess,True,1,True,0
apache/hadoop,cc2babc,./hadoop-hdfs-project/hadoop-hdfs-nfs,org.apache.hadoop.hdfs.nfs.nfs3.TestWrites.testOOOWrites,True,1,True,0
apache/hadoop,cc2babc,./hadoop-hdfs-project/hadoop-hdfs-nfs,org.apache.hadoop.hdfs.nfs.nfs3.TestWrites.testOverlappingWrites,True,1,True,0
apache/hadoop,cc2babc,./hadoop-hdfs-project/hadoop-hdfs-nfs,org.apache.hadoop.hdfs.nfs.nfs3.TestWrites.testWriteStableHow,True,1,True,0
apache/hadoop,cc2babc,./hadoop-mapreduce-project/hadoop-mapreduce-client/hadoop-mapreduce-client-app,org.apache.hadoop.mapreduce.v2.app.TestMRAppMaster.testMRAppMasterFailLock,True,0,True,42
apache/hadoop,cc2babc,./hadoop-mapreduce-project/hadoop-mapreduce-client/hadoop-mapreduce-client-app,org.apache.hadoop.mapreduce.v2.app.TestMRAppMaster.testMRAppMasterMidLock,True,0,True,42
apache/hadoop,cc2babc,./hadoop-mapreduce-project/hadoop-mapreduce-client/hadoop-mapreduce-client-app,org.apache.hadoop.mapreduce.v2.app.TestMRAppMaster.testMRAppMasterShutDownJob,True,0,True,7
apache/hadoop,cc2babc,./hadoop-mapreduce-project/hadoop-mapreduce-client/hadoop-mapreduce-client-app,org.apache.hadoop.mapreduce.v2.app.TestMRAppMaster.testMRAppMasterSuccessLock,True,0,True,42
apache/hadoop,cc2babc,./hadoop-mapreduce-project/hadoop-mapreduce-client/hadoop-mapreduce-client-core,org.apache.hadoop.mapred.TestTaskProgressReporter.testTaskProgress,True,4,True,0
apache/hadoop,cc2babc,./hadoop-mapreduce-project/hadoop-mapreduce-client/hadoop-mapreduce-client-core,org.apache.hadoop.mapreduce.lib.input.TestLineRecordReader.testUncompressedInputContainingCRLF,True,0,True,2
apache/hadoop,cc2babc,./hadoop-mapreduce-project/hadoop-mapreduce-client/hadoop-mapreduce-client-core,org.apache.hadoop.mapreduce.lib.input.TestLineRecordReader.testUncompressedInputCustomDelimiterPosValue,True,0,True,2
apache/hadoop,cc2babc,./hadoop-mapreduce-project/hadoop-mapreduce-client/hadoop-mapreduce-client-core,org.apache.hadoop.mapreduce.lib.input.TestLineRecordReader.testUncompressedInputDefaultDelimiterPosValue,True,0,True,2
apache/hadoop,cc2babc,./hadoop-mapreduce-project/hadoop-mapreduce-client/hadoop-mapreduce-client-core,org.apache.hadoop.mapreduce.lib.input.TestLineRecordReader.testUncompressedInput,True,0,True,2
apache/hadoop,cc2babc,./hadoop-mapreduce-project/hadoop-mapreduce-client/hadoop-mapreduce-client-hs,org.apache.hadoop.mapreduce.v2.hs.TestJobHistoryParsing.testHistoryParsingForFailedAttempts,True,0,True,1
apache/hadoop,cc2babc,./hadoop-mapreduce-project/hadoop-mapreduce-client/hadoop-mapreduce-client-hs,org.apache.hadoop.mapreduce.v2.hs.TestJobHistoryParsing.testHistoryParsing,True,0,True,1
Apache/Struts,13d9053,./plugins/portlet,org.apache.struts2.portlet.dispatcher.Jsr168DispatcherTest.testProcessAction_ok,True,1,True,0
Apache/Struts,13d9053,./plugins/portlet,org.apache.struts2.portlet.dispatcher.Jsr168DispatcherTest.testRender_ok,True,1,True,0
Apache/Struts,13d9053,./plugins/portlet,org.apache.struts2.portlet.dispatcher.Jsr286DispatcherTest.testProcessAction_ok,True,4,True,0
Apache/Struts,13d9053,./plugins/portlet,org.apache.struts2.portlet.dispatcher.Jsr286DispatcherTest.testRender_ok,True,1,True,0
c2mon/c2mon,d80687b,./c2mon-server/c2mon-server-elasticsearch,cern.c2mon.server.elasticsearch.tag.config.TagConfigDocumentIndexerTests.reindexTagConfigDocuments,True,0,True,2
ctco/cukes,b483e1a,./cukes-http,lv.ctco.cukes.http.facade.HttpAssertionFacadeImplTest.shouldReturnBodyWhenEnabledAndNoMax,True,0,True,4
doanduyhai/Achilles,e3099bd,./integration-test-2_1,info.archinnov.achilles.it.TestCRUDSimpleEntity.should_insert_with_insert_strategy_non_null_fields,True,0,True,9
doanduyhai/Achilles,e3099bd,./integration-test-2_1,info.archinnov.achilles.it.TestEntityWithComplexIndices.should_query_using_collection_index,True,15,True,0
doanduyhai/Achilles,e3099bd,./integration-test-2_1,info.archinnov.achilles.it.TestEntityWithComplexIndices.should_query_using_full_collection_index,True,10,True,0
doanduyhai/Achilles,e3099bd,./integration-test-2_1,info.archinnov.achilles.it.TestEntityWithComplexIndices.should_query_using_index_and_clustering_column_slice,True,2,True,0
doanduyhai/Achilles,e3099bd,./integration-test-2_1,info.archinnov.achilles.it.TestEntityWithComplexIndices.should_query_using_index_and_clustering_column,True,6,True,0
doanduyhai/Achilles,e3099bd,./integration-test-2_1,info.archinnov.achilles.it.TestEntityWithComplexIndices.should_query_using_index_and_multi_clustering_columns_slice,True,1,True,0
doanduyhai/Achilles,e3099bd,./integration-test-2_1,info.archinnov.achilles.it.TestEntityWithComplexIndices.should_query_using_map_key_index,True,3,True,0
doanduyhai/Achilles,e3099bd,./integration-test-2_1,info.archinnov.achilles.it.TestEntityWithComplexIndices.should_query_using_map_key_value,True,5,True,0
doanduyhai/Achilles,e3099bd,./integration-test-2_1,info.archinnov.achilles.it.TestEntityWithComplexIndices.should_query_using_simple_index,True,7,True,0
doanduyhai/Achilles,e3099bd,./integration-test-2_2,info.archinnov.achilles.it.TestEntityWithIndicesForJSON.should_query_using_collection_index_fromJSON,True,12,True,0
doanduyhai/Achilles,e3099bd,./integration-test-2_2,info.archinnov.achilles.it.TestEntityWithIndicesForJSON.should_query_using_full_collection_index_fromJSON,True,7,True,0
doanduyhai/Achilles,e3099bd,./integration-test-2_2,info.archinnov.achilles.it.TestEntityWithIndicesForJSON.should_query_using_index_and_clustering_column_fromJSON,True,21,True,0
doanduyhai/Achilles,e3099bd,./integration-test-2_2,info.archinnov.achilles.it.TestEntityWithIndicesForJSON.should_query_using_map_key_entry_fromJSON,True,6,True,0
doanduyhai/Achilles,e3099bd,./integration-test-2_2,info.archinnov.achilles.it.TestEntityWithIndicesForJSON.should_query_using_map_key_index_fromJSON,True,11,True,0
doanduyhai/Achilles,e3099bd,./integration-test-2_2,info.archinnov.achilles.it.TestEntityWithIndicesForJSON.should_query_using_map_key_value_fromJSON,True,2,True,0
doanduyhai/Achilles,e3099bd,./integration-test-2_2,info.archinnov.achilles.it.TestEntityWithIndicesForJSON.should_query_using_simple_index_fromJSON,True,1,True,0
doanduyhai/Achilles,e3099bd,./integration-test-3_10,info.archinnov.achilles.it.TestEntityForGroupByIT.should_select_sum_group_by_partition_keys_and_one_clustering,True,2,True,0
doanduyhai/Achilles,e3099bd,./integration-test-3_10,info.archinnov.achilles.it.TestEntityForGroupByIT.should_select_sum_group_by_partition_keys,True,6,True,0
doanduyhai/Achilles,e3099bd,./integration-test-3_7,info.archinnov.achilles.it.TestEntityWithSASIIndices.should_search_using_contains,True,7,True,0
doanduyhai/Achilles,e3099bd,./integration-test-3_7,info.archinnov.achilles.it.TestEntityWithSASIIndices.should_search_using_end_with,True,5,True,0
doanduyhai/Achilles,e3099bd,./integration-test-3_7,info.archinnov.achilles.it.TestEntityWithSASIIndices.should_search_using_eq_non_tokenizer,True,0,True,5
doanduyhai/Achilles,e3099bd,./integration-test-3_7,info.archinnov.achilles.it.TestEntityWithSASIIndices.should_search_using_like,False,0,True,0
doanduyhai/Achilles,e3099bd,./integration-test-3_7,info.archinnov.achilles.it.TestEntityWithSASIIndices.should_search_using_like_non_tokenizer,False,0,True,0
doanduyhai/Achilles,e3099bd,./integration-test-3_7,info.archinnov.achilles.it.TestEntityWithSASIIndices.should_search_using_prefix_non_tokenizer,True,6,True,0
dropwizard/dropwizard,07dfaed,./dropwizard-logging,io.dropwizard.logging.DefaultLoggingFactoryPrintErrorMessagesTest.testLogbackStatusPrinterPrintStreamIsRestoredToSystemOut,True,0,True,17
elasticjob/elastic-job-lite,b022898,./elastic-job-lite-core,io.elasticjob.lite.internal.failover.FailoverServiceTest.assertGetLocalFailoverItemsIfShutdown,True,0,True,23
elasticjob/elastic-job-lite,b022898,./elastic-job-lite-core,io.elasticjob.lite.internal.schedule.JobRegistryTest.assertGetCurrentShardingTotalCountIfNull,True,0,True,4
elasticjob/elastic-job-lite,b022898,./elastic-job-lite-core,io.elasticjob.lite.reg.zookeeper.ZookeeperRegistryCenterModifyTest.assertPersistEphemeralSequential,True,1,True,0
fhoeben/hsac-fitnesse-fixtures,a64c18d,.,nl.hsac.fitnesse.fixture.slim.FileFixtureTest.testDelete,True,0,True,6
hexagonframework/spring-data-ebean,dd11b97,.,org.springframework.data.ebean.repository.UserRepositoryIntegrationTest.deleteById,True,0,True,9
jhipster/jhipster-registry,00db366,.,io.github.jhipster.registry.web.rest.AccountResourceTest.testGetUnknownAccount,False,0,True,0
kevinsawicki/http-request,2d62a3e,./lib,com.github.kevinsawicki.http.HttpRequestTest.basicProxyAuthentication,True,0,True,3
kevinsawicki/http-request,2d62a3e,./lib,com.github.kevinsawicki.http.HttpRequestTest.deleteWithEscapedMappedQueryParams,True,0,True,2
kevinsawicki/http-request,2d62a3e,./lib,com.github.kevinsawicki.http.HttpRequestTest.deleteWithEscapedVarargsQueryParams,True,0,True,3
kevinsawicki/http-request,2d62a3e,./lib,com.github.kevinsawicki.http.HttpRequestTest.deleteWithMappedQueryParams,True,0,True,3
kevinsawicki/http-request,2d62a3e,./lib,com.github.kevinsawicki.http.HttpRequestTest.deleteWithVarargsQueryParams,True,0,True,2
kevinsawicki/http-request,2d62a3e,./lib,com.github.kevinsawicki.http.HttpRequestTest.getUrlEncodedWithPercent,True,0,True,5
kevinsawicki/http-request,2d62a3e,./lib,com.github.kevinsawicki.http.HttpRequestTest.getUrlEncodedWithSpace,True,0,True,2
kevinsawicki/http-request,2d62a3e,./lib,com.github.kevinsawicki.http.HttpRequestTest.getUrlEncodedWithUnicode,True,0,True,3
kevinsawicki/http-request,2d62a3e,./lib,com.github.kevinsawicki.http.HttpRequestTest.getWithEscapedMappedQueryParams,True,0,True,2
kevinsawicki/http-request,2d62a3e,./lib,com.github.kevinsawicki.http.HttpRequestTest.getWithEscapedVarargsQueryParams,True,0,True,2
kevinsawicki/http-request,2d62a3e,./lib,com.github.kevinsawicki.http.HttpRequestTest.getWithMappedQueryParams,True,1,True,0
kevinsawicki/http-request,2d62a3e,./lib,com.github.kevinsawicki.http.HttpRequestTest.getWithVarargsQueryParams,True,0,True,3
kevinsawicki/http-request,2d62a3e,./lib,com.github.kevinsawicki.http.HttpRequestTest.headWithEscapedMappedQueryParams,True,0,True,3
kevinsawicki/http-request,2d62a3e,./lib,com.github.kevinsawicki.http.HttpRequestTest.headWithEscapedVarargsQueryParams,True,0,True,3
kevinsawicki/http-request,2d62a3e,./lib,com.github.kevinsawicki.http.HttpRequestTest.headWithMappedQueryParams,True,0,True,3
kevinsawicki/http-request,2d62a3e,./lib,com.github.kevinsawicki.http.HttpRequestTest.headWithVaragsQueryParams,True,0,True,3
kevinsawicki/http-request,2d62a3e,./lib,com.github.kevinsawicki.http.HttpRequestTest.postWithEscapedMappedQueryParams,True,0,True,2
kevinsawicki/http-request,2d62a3e,./lib,com.github.kevinsawicki.http.HttpRequestTest.postWithMappedQueryParams,True,0,True,3
kevinsawicki/http-request,2d62a3e,./lib,com.github.kevinsawicki.http.HttpRequestTest.postWithVaragsQueryParams,True,0,True,3
kevinsawicki/http-request,2d62a3e,./lib,com.github.kevinsawicki.http.HttpRequestTest.putWithEscapedMappedQueryParams,True,0,True,13
kevinsawicki/http-request,2d62a3e,./lib,com.github.kevinsawicki.http.HttpRequestTest.putWithEscapedVarargsQueryParams,True,0,True,3
kevinsawicki/http-request,2d62a3e,./lib,com.github.kevinsawicki.http.HttpRequestTest.putWithMappedQueryParams,True,0,True,2
kevinsawicki/http-request,2d62a3e,./lib,com.github.kevinsawicki.http.HttpRequestTest.singleSslSocketFactory,True,0,True,5
kevinsawicki/http-request,2d62a3e,./lib,com.github.kevinsawicki.http.HttpRequestTest.singleVerifier,True,1,True,0
kevinsawicki/http-request,2d62a3e,./lib,com.github.kevinsawicki.http.HttpRequestTest.verifierAccepts,True,0,True,3
ktuukkan/marine-api,af00038,.,net.sf.marineapi.ais.event.AbstractAISMessageListenerTest.testBasicListenerWithUnexpectedMessage,True,0,True,20
ktuukkan/marine-api,af00038,.,net.sf.marineapi.ais.event.AbstractAISMessageListenerTest.testConstructor,True,0,True,20
ktuukkan/marine-api,af00038,.,net.sf.marineapi.ais.event.AbstractAISMessageListenerTest.testGenericsListenerDefaultConstructorThrows,True,0,True,20
ktuukkan/marine-api,af00038,.,net.sf.marineapi.ais.event.AbstractAISMessageListenerTest.testGenericsListener,True,0,True,20
ktuukkan/marine-api,af00038,.,net.sf.marineapi.ais.event.AbstractAISMessageListenerTest.testOnMessageWithExpectedMessage,True,0,True,20
ktuukkan/marine-api,af00038,.,net.sf.marineapi.ais.event.AbstractAISMessageListenerTest.testParametrizedConstructor,True,0,True,20
ktuukkan/marine-api,af00038,.,net.sf.marineapi.ais.event.AbstractAISMessageListenerTest.testSequenceListener,True,0,True,20
ktuukkan/marine-api,af00038,.,net.sf.marineapi.ais.event.AbstractAISMessageListenerTest.testSequenceListenerWithIncorrectOrder,True,0,True,20
ktuukkan/marine-api,af00038,.,net.sf.marineapi.ais.event.AbstractAISMessageListenerTest.testSequenceListenerWithMixedOrder,True,0,True,20
ktuukkan/marine-api,af00038,.,net.sf.marineapi.ais.parser.AISMessageFactoryTest.testCreate,True,0,True,20
ktuukkan/marine-api,af00038,.,net.sf.marineapi.ais.parser.AISMessageFactoryTest.testCreateWithIncorrectOrder,True,0,True,20
ktuukkan/marine-api,af00038,.,net.sf.marineapi.ais.parser.AISMessageFactoryTest.testCreateWithTwo,True,0,True,20
openpojo/openpojo,9badbcc,.,com.openpojo.issues.issue112.IssueTest.shouldNotFail,True,1,True,0
openpojo/openpojo,9badbcc,.,com.openpojo.validation.test.impl.SerializableTesterTest.shouldSkipOverNonSerializableClass,True,0,True,8
openpojo/openpojo,9badbcc,.,com.openpojo.validation.utils.ValidationHelperTest.shouldReportMissingASMProperly,True,1,True,0
spring-projects/spring-boot,daa3d45,./spring-boot-project/spring-boot-actuator-autoconfigure,org.springframework.boot.actuate.autoconfigure.cloudfoundry.reactive.CloudFoundryWebFluxEndpointIntegrationTests.linksToOtherEndpointsWithFullAccess,True,0,True,1
spring-projects/spring-boot,daa3d45,./spring-boot-project/spring-boot-actuator-autoconfigure,org.springframework.boot.actuate.autoconfigure.cloudfoundry.reactive.CloudFoundryWebFluxEndpointIntegrationTests.linksToOtherEndpointsWithRestrictedAccess,True,0,True,1
spring-projects/spring-boot,daa3d45,./spring-boot-project/spring-boot-actuator-autoconfigure,org.springframework.boot.actuate.autoconfigure.cloudfoundry.reactive.CloudFoundryWebFluxEndpointIntegrationTests.operationWithSecurityInterceptorForbidden,True,0,True,8
spring-projects/spring-boot,daa3d45,./spring-boot-project/spring-boot-actuator-autoconfigure,org.springframework.boot.actuate.autoconfigure.cloudfoundry.reactive.CloudFoundryWebFluxEndpointIntegrationTests.operationWithSecurityInterceptorSuccess,True,0,True,1
spring-projects/spring-boot,daa3d45,./spring-boot-project/spring-boot-actuator-autoconfigure,org.springframework.boot.actuate.autoconfigure.cloudfoundry.servlet.CloudFoundryMvcWebEndpointIntegrationTests.linksToOtherEndpointsWithFullAccess,True,7,True,0
spring-projects/spring-boot,daa3d45,./spring-boot-project/spring-boot-actuator-autoconfigure,org.springframework.boot.actuate.autoconfigure.cloudfoundry.servlet.CloudFoundryMvcWebEndpointIntegrationTests.linksToOtherEndpointsWithRestrictedAccess,True,2,True,0
spring-projects/spring-boot,daa3d45,./spring-boot-project/spring-boot-actuator-autoconfigure,org.springframework.boot.actuate.autoconfigure.cloudfoundry.servlet.CloudFoundryMvcWebEndpointIntegrationTests.operationWithSecurityInterceptorForbidden,True,4,True,0
spring-projects/spring-boot,daa3d45,./spring-boot-project/spring-boot-actuator-autoconfigure,org.springframework.boot.actuate.autoconfigure.cloudfoundry.servlet.CloudFoundryMvcWebEndpointIntegrationTests.operationWithSecurityInterceptorSuccess,True,1,True,0
spring-projects/spring-boot,daa3d45,./spring-boot-project/spring-boot,org.springframework.boot.logging.log4j2.Log4J2LoggingSystemTests.loggingThatUsesJulIsCaptured,False,0,False,0
spring-projects/spring-boot,daa3d45,./spring-boot-project/spring-boot,org.springframework.boot.SpringApplicationTests.enableBannerInLogViaProperty,False,0,False,0
spring-projects/spring-boot,daa3d45,./spring-boot-project/spring-boot-test-autoconfigure,org.springframework.boot.test.autoconfigure.data.neo4j.DataNeo4jTestIntegrationTests.testRepository,True,0,False,0
spring-projects/spring-boot,daa3d45,./spring-boot-project/spring-boot-test-autoconfigure,org.springframework.boot.test.autoconfigure.data.redis.DataRedisTestIntegrationTests.testRepository,True,0,False,0
spring-projects/spring-boot,daa3d45,./spring-boot-project/spring-boot-test-autoconfigure,org.springframework.boot.test.autoconfigure.web.servlet.mockmvc.WebMvcTestWebDriverCustomScopeIntegrationTests.shouldBeTheSameWebClient,True,1,True,0
spring-projects/spring-boot,daa3d45,./spring-boot-project/spring-boot-test-autoconfigure,org.springframework.boot.test.autoconfigure.web.servlet.mockmvc.WebMvcTestWebDriverIntegrationTests.shouldBeADifferentWebClient,True,0,True,4
spring-projects/spring-boot,daa3d45,./spring-boot-project/spring-boot-test,org.springframework.boot.test.mock.mockito.ResetMocksTestExecutionListenerTests.test002,True,0,True,3
spring-projects/spring-data-envers,5637994,.,org.springframework.data.envers.repository.support.QueryDslRepositoryIntegrationTests.testWithQueryDsl,False,0,False,0
spring-projects/spring-data-envers,5637994,.,org.springframework.data.envers.repository.support.QueryDslRepositoryIntegrationTests.testWithRevisions,False,0,False,0
spring-projects/spring-ws,e8d89c9,./spring-ws-core,org.springframework.ws.client.core.AxiomNonStreamingSoap11WebServiceTemplateIntegrationTest.attachment,True,76,True,0
spring-projects/spring-ws,e8d89c9,./spring-ws-core,org.springframework.ws.client.core.AxiomNonStreamingSoap11WebServiceTemplateIntegrationTest.faultNonCompliant,True,69,True,0
spring-projects/spring-ws,e8d89c9,./spring-ws-core,org.springframework.ws.client.core.AxiomNonStreamingSoap11WebServiceTemplateIntegrationTest.fault,True,44,True,0
spring-projects/spring-ws,e8d89c9,./spring-ws-core,org.springframework.ws.client.core.AxiomNonStreamingSoap11WebServiceTemplateIntegrationTest.marshalSendAndReceiveNoResponse,True,6,True,0
spring-projects/spring-ws,e8d89c9,./spring-ws-core,org.springframework.ws.client.core.AxiomNonStreamingSoap11WebServiceTemplateIntegrationTest.marshalSendAndReceiveResponse,True,0,True,1
spring-projects/spring-ws,e8d89c9,./spring-ws-core,org.springframework.ws.client.core.AxiomNonStreamingSoap11WebServiceTemplateIntegrationTest.notFound,True,68,True,0
spring-projects/spring-ws,e8d89c9,./spring-ws-core,org.springframework.ws.client.core.AxiomNonStreamingSoap11WebServiceTemplateIntegrationTest.sendSourceAndReceiveToResultNoResponse,True,78,True,0
spring-projects/spring-ws,e8d89c9,./spring-ws-core,org.springframework.ws.client.core.AxiomNonStreamingSoap12WebServiceTemplateIntegrationTest.attachment,True,40,True,0
spring-projects/spring-ws,e8d89c9,./spring-ws-core,org.springframework.ws.client.core.AxiomNonStreamingSoap12WebServiceTemplateIntegrationTest.marshalSendAndReceiveNoResponse,True,49,True,0
spring-projects/spring-ws,e8d89c9,./spring-ws-core,org.springframework.ws.client.core.AxiomNonStreamingSoap12WebServiceTemplateIntegrationTest.marshalSendAndReceiveResponse,True,73,True,0
spring-projects/spring-ws,e8d89c9,./spring-ws-core,org.springframework.ws.client.core.AxiomNonStreamingSoap12WebServiceTemplateIntegrationTest.notFound,True,97,True,0
spring-projects/spring-ws,e8d89c9,./spring-ws-core,org.springframework.ws.client.core.AxiomNonStreamingSoap12WebServiceTemplateIntegrationTest.receiverFault,True,32,True,0
spring-projects/spring-ws,e8d89c9,./spring-ws-core,org.springframework.ws.client.core.AxiomNonStreamingSoap12WebServiceTemplateIntegrationTest.senderFault,True,59,True,0
spring-projects/spring-ws,e8d89c9,./spring-ws-core,org.springframework.ws.client.core.AxiomNonStreamingSoap12WebServiceTemplateIntegrationTest.sendSourceAndReceiveToResultNoResponse,True,48,True,0
spring-projects/spring-ws,e8d89c9,./spring-ws-core,org.springframework.ws.client.core.AxiomNonStreamingSoap12WebServiceTemplateIntegrationTest.sendSourceAndReceiveToResult,True,1,True,0
spring-projects/spring-ws,e8d89c9,./spring-ws-security,org.springframework.ws.soap.security.xwss.callback.SpringDigestPasswordValidationCallbackHandlerTest.testAuthenticateUserDigestUserNotFound,True,0,False,0
spring-projects/spring-ws,e8d89c9,./spring-ws-security,org.springframework.ws.soap.security.xwss.callback.SpringDigestPasswordValidationCallbackHandlerTest.testAuthenticateUserDigestValidInvalid,True,0,False,0
tbsalling/aismessages,7b0c4c7,.,dk.tbsalling.aismessages.nmea.NMEAMessageHandlerTest.canHandleFragmentedMessageReceived,True,5,True,0
tbsalling/aismessages,7b0c4c7,.,dk.tbsalling.aismessages.nmea.NMEAMessageHandlerTest.canHandleUnfragmentedMessageReceived,True,5,True,0
tools4j/unix4j,367da7d,./unix4j-core/unix4j-command,org.unix4j.unix.FindFileTimeDependentTest.find_fileCreatedBeforeNow,True,0,True,3
vmware/admiral,e4b0293,./compute,com.vmware.admiral.compute.container.GroupResourcePlacementServiceTest.testMemoryPlacementReservationRequest,True,0,True,4
vmware/admiral,e4b0293,./request,com.vmware.admiral.request.kubernetes.RequestBrokerKubernetesServiceTest.testRequestStateHasK8sInfo,True,8,True,0
wikidata/wikidata-toolkit,20de6f7,./wdtk-dumpfiles,org.wikidata.wdtk.dumpfiles.MwDumpFileProcessingTest.testMwDailyDumpFileProcessing,True,0,True,13
wikidata/wikidata-toolkit,20de6f7,./wdtk-dumpfiles,org.wikidata.wdtk.dumpfiles.MwDumpFileProcessingTest.testMwMostRecentFullDumpFileProcessing,True,1,True,0
wikidata/wikidata-toolkit,20de6f7,./wdtk-dumpfiles,org.wikidata.wdtk.dumpfiles.MwDumpFileProcessingTest.testMwRecentCurrentDumpFileProcessing,True,1,True,0
wikidata/wikidata-toolkit,20de6f7,./wdtk-util,org.wikidata.wdtk.util.DirectoryManagerFactoryTest.createDefaultDirectoryManagerPath,True,0,True,1
wikidata/wikidata-toolkit,20de6f7,./wdtk-util,org.wikidata.wdtk.util.DirectoryManagerFactoryTest.createDirectoryManagerIoException,True,0,True,3
wildfly/wildfly,b19048b,./naming,org.jboss.as.naming.InitialContextFactoryTestCase.testInitialFactory,True,0,True,1
wildfly/wildfly,b19048b,./naming,org.jboss.as.naming.InitialContextFactoryTestCase.testJavaContext,True,0,True,1
wildfly/wildfly,b19048b,./naming,org.jboss.as.naming.InitialContextTestCase.testRegisterURLSchemeHandler,True,0,True,2
wildfly/wildfly,b19048b,./naming,org.jboss.as.naming.NamingContextTestCase.testBindReferenceable,True,0,True,1
wildfly/wildfly,b19048b,./naming,org.jboss.as.naming.NamingContextTestCase.testBind,True,0,True,1
wildfly/wildfly,b19048b,./naming,org.jboss.as.naming.NamingContextTestCase.testCreateSubcontext,True,0,True,1
wildfly/wildfly,b19048b,./naming,org.jboss.as.naming.NamingContextTestCase.testListBindingsNameNotFound,True,0,True,1
wildfly/wildfly,b19048b,./naming,org.jboss.as.naming.NamingContextTestCase.testListBindings,True,0,True,1
wildfly/wildfly,b19048b,./naming,org.jboss.as.naming.NamingContextTestCase.testListBindingsWithContinuation,True,0,True,1
wildfly/wildfly,b19048b,./naming,org.jboss.as.naming.NamingContextTestCase.testListNameNotFound,True,0,True,1
wildfly/wildfly,b19048b,./naming,org.jboss.as.naming.NamingContextTestCase.testList,True,0,True,1
wildfly/wildfly,b19048b,./naming,org.jboss.as.naming.NamingContextTestCase.testListWithContinuation,True,0,True,1
wildfly/wildfly,b19048b,./naming,org.jboss.as.naming.NamingContextTestCase.testLookupContextLink,True,0,True,1
wildfly/wildfly,b19048b,./naming,org.jboss.as.naming.NamingContextTestCase.testLookupEmptyName,True,0,True,1
wildfly/wildfly,b19048b,./naming,org.jboss.as.naming.NamingContextTestCase.testLookupLink,True,0,True,1
wildfly/wildfly,b19048b,./naming,org.jboss.as.naming.NamingContextTestCase.testLookupNameNotFound,True,0,True,1
wildfly/wildfly,b19048b,./naming,org.jboss.as.naming.NamingContextTestCase.testLookupReference,True,0,True,1
wildfly/wildfly,b19048b,./naming,org.jboss.as.naming.NamingContextTestCase.testLookup,True,0,True,1
wildfly/wildfly,b19048b,./naming,org.jboss.as.naming.NamingContextTestCase.testLookupWithContinuation,True,0,True,1
wildfly/wildfly,b19048b,./naming,org.jboss.as.naming.NamingContextTestCase.testLookupWitResolveResult,True,0,True,1
wildfly/wildfly,b19048b,./naming,org.jboss.as.naming.NamingContextTestCase.testRebindReferenceable,True,0,True,1
wildfly/wildfly,b19048b,./naming,org.jboss.as.naming.NamingContextTestCase.testRebind,True,0,True,1
wildfly/wildfly,b19048b,./naming,org.jboss.as.naming.NamingContextTestCase.testUnbind,True,0,True,1
wildfly/wildfly,b19048b,./naming,org.jboss.as.naming.NamingEventCoordinatorTestCase.testFireAllEvent,True,0,True,2
wildfly/wildfly,b19048b,./naming,org.jboss.as.naming.NamingEventCoordinatorTestCase.testFireMultiLevelEvent,True,0,True,2
wildfly/wildfly,b19048b,./naming,org.jboss.as.naming.NamingEventCoordinatorTestCase.testFireObjectEvent,True,0,True,2
wildfly/wildfly,b19048b,./naming,org.jboss.as.naming.NamingEventCoordinatorTestCase.testFireOneLevelEvent,True,0,True,2
wildfly/wildfly,b19048b,./naming,org.jboss.as.naming.NamingEventCoordinatorTestCase.testFireSubTreeEvent,True,0,True,2
wildfly/wildfly,b19048b,./naming,org.jboss.as.naming.ObjectFactoryTestCase.testBindAndRetrieveObjectFactoryFromInitialContext,True,0,True,1
wildfly/wildfly,b19048b,./naming,org.jboss.as.naming.ObjectFactoryTestCase.testBindAndRetrieveObjectFactoryFromNamingContext,True,0,True,1
wildfly/wildfly,b19048b,./naming,org.jboss.as.naming.ServiceBasedNamingStoreTestCase.testListBindings,True,0,True,1
wildfly/wildfly,b19048b,./naming,org.jboss.as.naming.ServiceBasedNamingStoreTestCase.testLookupBinding,True,0,True,1
wildfly/wildfly,b19048b,./naming,org.jboss.as.naming.ServiceBasedNamingStoreTestCase.testLookupBindingUsingNestedContext,True,0,True,1
wildfly/wildfly,b19048b,./naming,org.jboss.as.naming.ServiceBasedNamingStoreTestCase.testStoredContext,True,0,True,1
wildfly/wildfly,b19048b,./naming,org.jboss.as.naming.subsystem.NamingSubsystemTestCase.testCompositeBindingOps,True,7,True,0
wildfly/wildfly,b19048b,./naming,org.jboss.as.naming.subsystem.NamingSubsystemTestCase.testCompositeBindingUpdate,True,7,True,0
wildfly/wildfly,b19048b,./naming,org.jboss.as.naming.subsystem.NamingSubsystemTestCase.testOnlyExternalContextAllowsCache,True,7,True,0
wildfly/wildfly,b19048b,./naming,org.jboss.as.naming.subsystem.NamingSubsystemTestCase.testRejectionsEAP6,True,7,True,0
wildfly/wildfly,b19048b,./naming,org.jboss.as.naming.subsystem.NamingSubsystemTestCase.testRejectionsEAP7,True,7,True,0
wildfly/wildfly,b19048b,./naming,org.jboss.as.naming.subsystem.NamingSubsystemTestCase.testSubsystem,True,7,True,0
wildfly/wildfly,b19048b,./naming,org.jboss.as.naming.WritableServiceBasedNamingStoreTestCase.testBindNested,True,0,True,1
wildfly/wildfly,b19048b,./naming,org.jboss.as.naming.WritableServiceBasedNamingStoreTestCase.testBind,True,0,True,1
wildfly/wildfly,b19048b,./naming,org.jboss.as.naming.WritableServiceBasedNamingStoreTestCase.testPermissions,True,0,True,2
wildfly/wildfly,b19048b,./naming,org.jboss.as.naming.WritableServiceBasedNamingStoreTestCase.testRebind,True,0,True,1
wildfly/wildfly,b19048b,./security/subsystem,org.jboss.as.security.SecurityDomainModelv12UnitTestCase.testSubsystem,True,0,True,19
wro4j/wro4j,185ab60,./wro4j-core,ro.isdc.wro.model.resource.processor.TestJsMinProcessor.shouldProcessRegexpContainingCurlyBraces,True,0,True,2
wro4j/wro4j,185ab60,./wro4j-core,ro.isdc.wro.model.resource.support.change.TestResourceChangeInfo.cannotCheckChangeForNullGroupName,True,1,True,0
wro4j/wro4j,185ab60,./wro4j-core,ro.isdc.wro.model.resource.support.change.TestResourceWatcher.cannotCheckNullCacheEntry,True,0,True,6
wro4j/wro4j,185ab60,./wro4j-core,ro.isdc.wro.model.resource.support.hash.TestConfigurableHashStrategy.cannotConfigureInvalidAlias,True,0,True,17
wro4j/wro4j,185ab60,./wro4j-core,ro.isdc.wro.model.resource.support.naming.TestConfigurableNamingStrategy.cannotConfigureInvalidAlias,True,0,True,7
wro4j/wro4j,185ab60,./wro4j-core,ro.isdc.wro.model.resource.support.naming.TestDefaultHashEncoderNamingStrategy.cannotAcceptNullStream,True,0,True,2
wro4j/wro4j,185ab60,./wro4j-core,ro.isdc.wro.model.resource.support.naming.TestDefaultHashEncoderNamingStrategy.shouldRenameResourceWithSomeContent,True,0,True,2
wro4j/wro4j,185ab60,./wro4j-core,ro.isdc.wro.model.resource.support.naming.TestHashEncoderNamingStrategy.cannotAcceptNullStream,True,1,True,0
wro4j/wro4j,185ab60,./wro4j-core,ro.isdc.wro.model.resource.support.naming.TestHashEncoderNamingStrategy.shouldRenameResourceWithSomeContent,True,1,True,0
wro4j/wro4j,185ab60,./wro4j-core,ro.isdc.wro.model.resource.support.TestDefaultResourceAuthorizationManager.shouldContainOnlyOneResourceWhenSameIsAddedTwice,True,2,True,0
wro4j/wro4j,185ab60,./wro4j-core,ro.isdc.wro.model.TestWroModel.shouldNotReturnDuplicatedResources,True,0,True,2
wro4j/wro4j,185ab60,./wro4j-core,ro.isdc.wro.util.provider.TestProviderFinder.shouldFindConfigurableProviders,True,3,True,0
wro4j/wro4j,185ab60,./wro4j-core,ro.isdc.wro.util.TestProxyFactory.cannotCreateProxyFromNullObjectFactory,True,0,True,1
wro4j/wro4j,185ab60,./wro4j-core,ro.isdc.wro.util.TestSchedulerHelper.canAcceptNullRunnableWhenPeriodIsZero,True,0,True,7
wro4j/wro4j,185ab60,./wro4j-core,ro.isdc.wro.util.TestWroUtil.shouldJoinTwoPaths,True,0,True,1
wso2/carbon-apimgt,a82213e,./components/apimgt/org.wso2.carbon.apimgt.core,org.wso2.carbon.apimgt.core.auth.ScopeRegistrationServiceStubFactoryTest.testGetScopeRegistration,True,1,True,0
zalando/riptide,8277e11,./riptide-spring-boot-starter,org.zalando.riptide.spring.metrics.MetricsTest.shouldRecordRequests,True,0,True,4
zalando/riptide,8277e11,./riptide-spring-boot-starter,org.zalando.riptide.spring.metrics.MetricsTest.shouldRecordRetries,True,1,True,0
